employee_name,team,campaign_name,revenue,budget,cost,roi,conversion_rate,activity_date
Em D,Marketing,Campaign 3,3976.12,2846.11,1769.92,124.65,5.43,2025-08-13
Chị C,Sales,Campaign 4,1633.9,1224.53,2389.56,-31.62,1.67,2025-10-02
Bạn,Sales,Campaign 4,4554.2,1676.66,843.52,439.9,7.16,2025-09-22
Em D,Sales,Campaign 3,4887.02,940.99,258.02,1794.05,8.59,2025-09-18
Em D,Sales,Campaign 2,4194.89,2403.78,1246.65,236.49,19.24,2025-08-15
Em D,Sales,Campaign 3,2722.29,810.46,2339.3,16.37,9.97,2025-08-17
Bạn,Sales,Campaign 3,3908.07,2349.96,2074.17,88.42,8.21,2025-07-26
Bạn,Sales,Campaign 2,3858.6,1614.52,435.54,785.93,6.34,2025-08-23
Chị B,Sales,Campaign 1,3894.03,1192.0,2387.59,63.09,10.78,2025-07-01
Anh A,Sales,Campaign 2,4419.26,2835.83,598.86,637.95,5.41,2025-08-27
Em D,Sales,Campaign 1,4388.88,1181.58,2277.43,92.71,2.34,2025-10-01
Bạn,Marketing,Campaign 4,3183.76,1039.51,386.85,723.0,2.3,2025-09-11
Chị C,Sales,Campaign 3,2921.84,2754.15,380.52,667.85,4.66,2025-07-02
Bạn,Marketing,Campaign 1,3684.35,2133.42,279.7,1217.25,12.84,2025-09-21
Chị C,Marketing,Campaign 1,1956.28,2151.87,424.22,361.15,1.41,2025-08-14
Em D,Marketing,Campaign 4,2144.96,1554.29,358.04,499.08,17.92,2025-09-13
Bạn,Sales,Campaign 3,4000.51,1510.35,453.64,781.87,4.09,2025-08-25
Em D,Marketing,Campaign 2,4152.48,899.48,1361.06,205.09,8.85,2025-08-15
Bạn,Sales,Campaign 2,4869.7,2681.37,1646.76,195.71,17.91,2025-09-08
Bạn,Marketing,Campaign 2,3957.58,1767.08,1917.48,106.39,11.31,2025-07-24
Bạn,Sales,Campaign 2,2234.95,1490.89,692.53,222.72,13.32,2025-09-18
Chị B,Marketing,Campaign 2,2862.43,2079.9,714.79,300.46,9.8,2025-07-22
Chị C,Marketing,Campaign 1,1579.38,1753.17,488.29,223.45,3.06,2025-08-19
Bạn,Marketing,Campaign 1,4395.23,2702.04,429.64,923.0,13.64,2025-08-02
Chị B,Sales,Campaign 2,4841.4,2505.9,1670.82,189.76,12.59,2025-09-12
Bạn,Marketing,Campaign 2,2847.05,609.39,1195.08,138.23,3.57,2025-09-10
Chị B,Marketing,Campaign 1,1150.38,2314.8,1687.94,-31.85,15.89,2025-08-18
Em D,Marketing,Campaign 1,4349.57,1417.93,373.75,1063.76,18.43,2025-08-09
Chị C,Sales,Campaign 1,3789.21,1284.15,275.52,1275.29,11.84,2025-09-12
Bạn,Marketing,Campaign 2,2376.02,2300.54,2231.75,6.46,6.52,2025-09-02
Bạn,Sales,Campaign 3,1728.96,2309.78,1973.48,-12.39,12.87,2025-09-18
Em D,Marketing,Campaign 4,1585.57,2559.88,938.22,69.0,9.17,2025-07-26
Anh A,Marketing,Campaign 2,1647.34,1529.71,1851.57,-11.03,4.69,2025-07-26
Bạn,Sales,Campaign 1,1460.68,2283.39,1779.1,-17.9,5.81,2025-08-23
Chị C,Sales,Campaign 3,3940.87,1414.99,1878.92,109.74,1.8,2025-07-15
Em D,Sales,Campaign 3,2129.56,1570.41,822.74,158.84,12.0,2025-07-02
Chị C,Sales,Campaign 1,2573.52,2298.07,1107.58,132.36,17.93,2025-08-29
Anh A,Sales,Campaign 2,3337.83,1149.74,1515.94,120.18,1.37,2025-10-03
Em D,Marketing,Campaign 2,4901.26,2433.26,519.14,844.11,6.67,2025-08-19
Em D,Sales,Campaign 2,3645.36,1709.95,1776.52,105.2,2.62,2025-08-27
Anh A,Marketing,Campaign 2,4552.64,2851.67,1881.07,142.02,8.96,2025-09-23
Anh A,Sales,Campaign 3,3380.19,780.61,276.32,1123.29,1.43,2025-08-08
Em D,Sales,Campaign 2,4967.66,1933.07,2456.2,102.25,6.31,2025-06-30
Anh A,Sales,Campaign 3,1340.44,2130.03,1487.81,-9.91,6.61,2025-07-28
Chị B,Sales,Campaign 3,4286.93,1920.17,2223.6,92.79,19.42,2025-06-30
Anh A,Marketing,Campaign 3,2300.39,1197.31,2151.31,6.93,3.12,2025-09-25
Anh A,Sales,Campaign 3,4021.78,835.18,1172.79,242.92,5.33,2025-10-02
Bạn,Sales,Campaign 4,3158.51,1389.4,1699.68,85.83,14.98,2025-08-12
Em D,Marketing,Campaign 1,3335.68,2799.28,1992.92,67.38,5.22,2025-09-25
Em D,Marketing,Campaign 3,3391.01,1229.22,1240.37,173.39,17.97,2025-08-26
Bạn,Sales,Campaign 2,2571.07,2769.95,1191.96,115.7,6.62,2025-07-14
Bạn,Sales,Campaign 4,3429.95,2505.4,207.65,1551.79,13.57,2025-08-28
Anh A,Marketing,Campaign 4,4581.87,2944.83,1293.76,254.15,1.13,2025-08-23
Anh A,Sales,Campaign 2,2084.87,2021.12,2497.6,-16.53,9.06,2025-09-29
Bạn,Sales,Campaign 4,3656.65,1158.44,1925.23,89.93,17.78,2025-06-30
Chị B,Marketing,Campaign 4,4088.81,2096.62,1010.67,304.56,10.6,2025-07-24
Bạn,Sales,Campaign 4,4766.5,2486.51,2422.19,96.78,14.56,2025-07-03
Anh A,Marketing,Campaign 3,3690.88,2395.87,1034.01,256.95,16.37,2025-07-21
Chị C,Sales,Campaign 3,2432.45,1352.41,739.06,229.13,6.92,2025-09-01
Anh A,Marketing,Campaign 3,2525.36,1184.2,847.28,198.05,10.32,2025-07-29
Chị C,Sales,Campaign 1,1576.29,706.56,1359.42,15.95,6.33,2025-07-06
Em D,Sales,Campaign 4,4518.06,891.77,2142.01,110.93,16.54,2025-08-13
Anh A,Sales,Campaign 3,2470.37,1895.33,2245.32,10.02,14.95,2025-09-11
Bạn,Sales,Campaign 2,3921.53,1719.92,1710.07,129.32,10.71,2025-09-01
Chị B,Sales,Campaign 2,1935.6,2335.42,1709.9,13.2,9.63,2025-09-20
Chị B,Marketing,Campaign 4,2470.78,2791.07,1366.66,80.79,14.58,2025-07-15
Bạn,Marketing,Campaign 3,3836.95,2447.82,424.75,803.34,6.2,2025-08-03
Chị C,Sales,Campaign 3,1630.78,1907.73,1441.37,13.14,2.75,2025-08-30
Em D,Marketing,Campaign 3,2111.55,2991.89,2179.38,-3.11,5.24,2025-09-26
Chị B,Sales,Campaign 4,4640.96,1616.54,1148.91,303.94,6.23,2025-07-22
Bạn,Marketing,Campaign 4,4799.16,1367.21,612.48,683.56,4.25,2025-07-17
Chị B,Marketing,Campaign 1,1982.21,2939.97,2215.18,-10.52,6.02,2025-09-13
Chị B,Marketing,Campaign 3,2095.24,2978.54,1428.1,46.72,6.77,2025-09-15
Bạn,Marketing,Campaign 3,3076.74,2004.87,2356.33,30.57,16.31,2025-07-03
Em D,Marketing,Campaign 2,4578.93,1066.24,525.56,771.25,5.73,2025-08-16
Chị C,Marketing,Campaign 2,1813.76,1540.87,2413.65,-24.85,5.18,2025-08-11
Anh A,Sales,Campaign 1,3367.91,1385.96,264.16,1174.95,7.6,2025-07-17
Chị B,Sales,Campaign 4,3081.95,720.28,468.13,558.35,3.58,2025-10-02
Bạn,Marketing,Campaign 3,4595.8,2557.93,1289.08,256.52,9.59,2025-07-10
Bạn,Sales,Campaign 1,1947.51,930.19,457.6,325.59,12.15,2025-07-04
Em D,Marketing,Campaign 2,2926.89,2660.46,328.66,790.55,9.48,2025-08-13
Chị B,Sales,Campaign 4,3470.26,2276.99,1328.84,161.15,13.67,2025-08-27
Anh A,Sales,Campaign 2,2673.05,2418.35,1822.01,46.71,7.77,2025-07-02
Chị B,Sales,Campaign 2,1647.04,2044.94,1898.9,-13.26,10.05,2025-07-14
Chị C,Marketing,Campaign 4,1447.14,2981.78,543.91,166.06,19.91,2025-09-18
Bạn,Marketing,Campaign 1,2495.48,2815.84,2073.87,20.33,15.52,2025-09-03
Chị B,Marketing,Campaign 4,2454.83,2692.68,778.78,215.21,4.61,2025-08-18
Bạn,Sales,Campaign 4,2195.53,2001.64,290.58,655.57,17.8,2025-08-20
Chị C,Marketing,Campaign 3,3381.76,2801.05,2203.06,53.5,14.68,2025-07-21
Anh A,Marketing,Campaign 1,1727.79,2016.91,1868.6,-7.54,11.15,2025-09-25
Anh A,Marketing,Campaign 1,1784.91,1268.18,2463.38,-27.54,8.03,2025-09-26
Em D,Sales,Campaign 1,1904.25,2589.53,1322.29,44.01,1.16,2025-07-08
Chị B,Sales,Campaign 1,1309.8,2634.16,352.19,271.9,16.82,2025-07-30
Bạn,Sales,Campaign 3,3332.34,1958.02,1459.06,128.39,17.79,2025-07-03
Anh A,Marketing,Campaign 1,4225.63,1855.12,1992.82,112.04,17.95,2025-08-07
Chị C,Sales,Campaign 1,1654.61,890.55,1920.93,-13.86,19.93,2025-09-17
Chị B,Sales,Campaign 2,3332.63,2085.9,1141.53,191.94,13.59,2025-09-03
Chị C,Marketing,Campaign 1,2373.78,2208.19,652.11,264.02,9.96,2025-07-16
Bạn,Marketing,Campaign 3,2972.43,1102.33,2310.63,28.64,7.13,2025-06-30
Chị B,Sales,Campaign 1,4622.27,1533.24,239.06,1833.52,4.26,2025-10-01
Chị B,Sales,Campaign 3,4659.1,1084.43,1624.81,186.75,13.48,2025-09-03
Bạn,Marketing,Campaign 1,3410.47,2632.81,1837.27,85.63,8.05,2025-09-26
Bạn,Sales,Campaign 2,2151.66,818.97,1804.14,19.26,17.55,2025-08-17
Chị B,Marketing,Campaign 1,3749.01,2256.17,1726.52,117.14,7.86,2025-08-06
Chị C,Sales,Campaign 1,2766.0,1375.42,278.18,894.32,8.7,2025-07-23
Chị C,Sales,Campaign 4,3885.73,1378.74,1741.51,123.12,5.37,2025-08-12
Chị B,Marketing,Campaign 2,4633.59,1245.0,1971.66,135.01,10.38,2025-07-12
Chị B,Sales,Campaign 1,4024.75,1434.69,2194.46,83.41,16.22,2025-08-29
Em D,Marketing,Campaign 1,1222.91,898.24,1787.2,-31.57,17.7,2025-09-28
Chị B,Marketing,Campaign 1,2217.09,2177.33,1569.58,41.25,5.88,2025-07-15
Bạn,Sales,Campaign 3,1607.76,1177.42,1449.56,10.91,15.66,2025-09-15
Chị C,Sales,Campaign 1,1474.1,634.74,1303.65,13.07,2.2,2025-07-10
Chị C,Sales,Campaign 4,2768.95,2283.25,2322.73,19.21,13.75,2025-07-12
Anh A,Sales,Campaign 4,4778.94,2190.65,1923.12,148.5,1.98,2025-09-29
Anh A,Marketing,Campaign 2,1201.74,1310.19,843.93,42.4,13.91,2025-09-10
Chị C,Marketing,Campaign 1,4723.41,2627.81,404.78,1066.91,8.05,2025-09-24
Bạn,Sales,Campaign 4,2587.22,1489.47,1813.83,42.64,4.26,2025-08-06
Bạn,Sales,Campaign 1,1706.19,1726.33,626.22,172.46,13.82,2025-07-26
Chị B,Marketing,Campaign 3,2584.2,1694.69,2323.26,11.23,18.91,2025-09-14
Anh A,Marketing,Campaign 3,4337.17,2860.51,895.34,384.42,8.94,2025-09-26
Chị B,Sales,Campaign 4,2521.65,697.29,1148.38,119.58,5.08,2025-08-20
Anh A,Sales,Campaign 2,1456.26,2622.18,689.36,111.25,13.5,2025-09-14
Anh A,Sales,Campaign 1,4367.23,1447.03,1688.17,158.7,8.96,2025-08-31
Em D,Marketing,Campaign 4,4142.61,1677.9,1317.57,214.41,4.91,2025-08-17
Anh A,Marketing,Campaign 4,1504.55,1098.41,1066.29,41.1,11.41,2025-08-10
Chị C,Sales,Campaign 1,2173.71,1594.79,2087.9,4.11,11.17,2025-07-12
Chị C,Marketing,Campaign 1,1230.11,2980.49,773.91,58.95,1.96,2025-07-18
Em D,Sales,Campaign 2,1706.87,1066.03,2401.44,-28.92,17.73,2025-07-26
Em D,Marketing,Campaign 1,4303.07,1028.84,1652.84,160.34,18.85,2025-08-04
Chị B,Marketing,Campaign 1,2346.81,2605.54,1212.66,93.53,8.95,2025-09-01
Anh A,Marketing,Campaign 2,1475.9,2115.87,1521.85,-3.02,5.95,2025-07-09
Chị B,Marketing,Campaign 3,4452.47,2528.39,629.72,607.06,3.79,2025-09-10
Bạn,Marketing,Campaign 1,4921.18,2163.32,2044.45,140.71,14.87,2025-08-22
Chị C,Marketing,Campaign 3,4436.07,2085.82,1436.04,208.91,10.98,2025-09-20
Chị C,Marketing,Campaign 3,3771.9,1294.58,1043.67,261.41,8.64,2025-08-13
Em D,Marketing,Campaign 3,4180.43,888.05,695.76,500.84,7.24,2025-09-08
Bạn,Sales,Campaign 1,1689.38,1302.69,1862.98,-9.32,13.3,2025-08-27
Anh A,Sales,Campaign 3,2822.61,1804.23,2460.37,14.72,4.29,2025-07-02
Bạn,Sales,Campaign 2,3476.2,2705.35,843.2,312.26,8.22,2025-09-09
Chị C,Marketing,Campaign 3,4332.83,833.0,1265.76,242.31,8.29,2025-08-11
Em D,Marketing,Campaign 1,3344.2,2790.48,2287.82,46.17,16.38,2025-08-29
Anh A,Marketing,Campaign 4,4387.77,1736.25,2301.17,90.68,10.19,2025-09-27
Chị B,Sales,Campaign 1,3389.42,1151.65,1003.4,237.79,8.32,2025-08-16
Bạn,Sales,Campaign 3,3107.24,2429.0,742.7,318.37,5.56,2025-08-23
Em D,Sales,Campaign 2,3972.53,1787.99,1008.61,293.86,9.68,2025-07-11
Anh A,Sales,Campaign 2,2821.79,2580.58,1180.15,139.1,4.58,2025-09-11
Anh A,Marketing,Campaign 2,2197.85,2311.33,489.51,348.99,9.95,2025-10-02
Em D,Sales,Campaign 2,2638.43,1474.79,2357.44,11.92,9.49,2025-08-02
Chị C,Sales,Campaign 1,1642.88,2837.52,488.1,236.59,13.04,2025-08-03
Bạn,Sales,Campaign 1,4452.15,2664.86,2412.06,84.58,11.68,2025-09-20
Anh A,Marketing,Campaign 3,1511.06,1909.46,1304.37,15.85,14.76,2025-08-08
Anh A,Sales,Campaign 1,4364.94,2402.02,943.37,362.7,8.05,2025-08-09
Chị B,Marketing,Campaign 1,1581.47,1860.59,2131.74,-25.81,9.97,2025-07-16
Chị C,Sales,Campaign 4,3350.33,1353.13,2379.33,40.81,7.08,2025-07-03
Bạn,Sales,Campaign 2,4048.75,1815.94,1735.58,133.28,4.0,2025-07-06
Anh A,Sales,Campaign 2,2651.46,1820.05,1780.79,48.89,14.3,2025-08-09
Anh A,Sales,Campaign 4,3048.8,2414.38,880.49,246.26,18.83,2025-09-25
Chị B,Marketing,Campaign 3,2124.74,1400.48,1405.05,51.22,19.17,2025-08-27
Anh A,Marketing,Campaign 4,1755.29,2416.72,428.42,309.71,4.0,2025-10-03
Chị B,Marketing,Campaign 4,4800.71,708.11,413.14,1062.01,10.07,2025-07-27
Bạn,Sales,Campaign 4,2612.87,1740.27,1996.54,30.87,6.26,2025-07-07
Bạn,Marketing,Campaign 3,1389.28,1044.9,2213.98,-37.25,4.36,2025-09-18
Anh A,Marketing,Campaign 1,1900.68,1477.53,677.87,180.39,18.41,2025-07-03
Bạn,Marketing,Campaign 2,1180.2,1872.72,2173.15,-45.69,11.53,2025-09-01
Anh A,Sales,Campaign 1,1413.93,1036.66,657.37,115.09,9.61,2025-09-25
Em D,Sales,Campaign 1,2973.07,2812.94,1631.0,82.29,15.45,2025-08-13
Bạn,Marketing,Campaign 1,4910.87,938.88,820.22,498.73,15.65,2025-09-17
Chị B,Sales,Campaign 4,3569.63,2824.56,1531.25,133.12,18.72,2025-08-11
Bạn,Marketing,Campaign 4,2772.96,1717.56,1260.21,120.04,6.11,2025-09-22
Em D,Marketing,Campaign 3,1568.19,1596.58,821.45,90.91,6.5,2025-07-22
Chị C,Sales,Campaign 4,4570.59,1639.09,447.52,921.32,10.98,2025-10-05
Bạn,Marketing,Campaign 2,2666.97,1998.64,835.52,219.2,8.07,2025-07-27
Chị B,Marketing,Campaign 4,2115.41,2459.11,1500.29,41.0,4.52,2025-10-06
Chị B,Sales,Campaign 2,2370.05,1740.8,1814.21,30.64,16.24,2025-08-08
Chị C,Marketing,Campaign 2,3121.56,872.2,1434.02,117.68,4.75,2025-09-22
Anh A,Marketing,Campaign 3,2073.66,1308.91,2366.44,-12.37,7.8,2025-09-23
Chị B,Marketing,Campaign 1,3397.86,1587.23,2341.46,45.12,8.78,2025-07-27
Bạn,Marketing,Campaign 1,4312.33,2439.39,990.64,335.31,4.6,2025-10-01
Chị B,Sales,Campaign 4,3061.19,2371.52,826.29,270.47,15.75,2025-09-14
Chị C,Sales,Campaign 1,3407.36,1389.51,256.37,1229.08,7.9,2025-07-25
Anh A,Marketing,Campaign 4,3588.86,1243.14,1748.92,105.2,6.78,2025-07-11
Em D,Marketing,Campaign 3,3207.73,1487.59,1237.17,159.28,1.2,2025-07-04
Chị C,Sales,Campaign 1,4661.35,1653.38,791.57,488.87,13.01,2025-08-07
Chị B,Sales,Campaign 4,1725.71,2309.69,266.3,548.03,18.07,2025-09-06
Bạn,Sales,Campaign 3,2341.97,2167.32,2160.69,8.39,10.01,2025-07-01
Em D,Marketing,Campaign 3,1606.27,1050.7,1623.3,-1.05,16.52,2025-09-01
Chị C,Sales,Campaign 2,3760.31,1443.24,2110.51,78.17,1.61,2025-09-19
Em D,Sales,Campaign 4,4974.02,1897.35,1362.81,264.98,12.21,2025-07-17
Chị C,Sales,Campaign 2,3873.76,2451.07,2195.96,76.4,16.69,2025-10-07
Anh A,Sales,Campaign 2,4569.13,603.22,789.95,478.41,13.01,2025-08-02
Bạn,Marketing,Campaign 2,4996.01,992.62,1215.82,310.92,6.0,2025-10-06
Chị C,Marketing,Campaign 1,3489.11,551.0,950.95,266.91,9.29,2025-08-30
Chị C,Sales,Campaign 3,2322.76,1365.8,419.32,453.93,2.06,2025-08-16
Anh A,Sales,Campaign 4,1671.9,1600.15,2085.32,-19.83,1.99,2025-08-17
Em D,Marketing,Campaign 2,4756.0,2050.91,1113.19,327.24,10.88,2025-08-11
Anh A,Marketing,Campaign 2,2942.85,2293.85,1989.81,47.9,10.43,2025-08-09
Chị B,Marketing,Campaign 2,3623.56,1766.93,2226.79,62.73,5.91,2025-08-12
Anh A,Marketing,Campaign 4,1115.49,1767.84,1461.21,-23.66,17.31,2025-07-02
Em D,Marketing,Campaign 4,2777.72,926.97,2049.17,35.55,13.19,2025-08-27
Anh A,Marketing,Campaign 1,1420.91,842.69,1376.77,3.21,12.36,2025-06-30
Em D,Sales,Campaign 2,1671.2,2055.16,1399.07,19.45,8.45,2025-08-07
Anh A,Marketing,Campaign 1,2594.83,2886.07,1373.01,88.99,18.93,2025-09-05
Em D,Sales,Campaign 4,4266.74,2406.87,1748.85,143.97,12.05,2025-08-06
Em D,Sales,Campaign 4,4222.68,1385.29,1469.44,187.37,18.17,2025-09-28
Chị B,Sales,Campaign 1,3777.88,1941.29,259.05,1358.36,8.71,2025-08-04
Chị B,Sales,Campaign 3,1676.55,1201.88,1503.88,11.48,6.59,2025-07-04
Em D,Sales,Campaign 1,4944.78,2928.96,324.86,1422.13,7.92,2025-07-16
Bạn,Sales,Campaign 2,4668.18,1023.67,2216.21,110.64,1.45,2025-09-19
Anh A,Sales,Campaign 2,1948.85,2393.74,1782.9,9.31,14.24,2025-09-28
Anh A,Sales,Campaign 1,3325.72,2006.77,1806.31,84.12,13.49,2025-07-27
Anh A,Marketing,Campaign 2,1533.09,2479.49,2144.94,-28.53,10.6,2025-09-18
Anh A,Marketing,Campaign 2,4701.8,1455.76,2463.58,90.85,7.49,2025-10-03
Em D,Sales,Campaign 2,2073.63,1759.75,360.34,475.46,3.11,2025-09-18
Anh A,Marketing,Campaign 3,4614.35,1276.15,570.81,708.39,12.1,2025-09-26
Chị B,Marketing,Campaign 1,1416.81,2902.34,1109.97,27.64,17.15,2025-07-20
Anh A,Marketing,Campaign 1,3663.2,977.34,1185.16,209.09,1.82,2025-09-28
Em D,Marketing,Campaign 3,4101.83,860.99,1982.51,106.9,18.87,2025-09-13
Chị B,Marketing,Campaign 1,1245.23,2955.96,1221.86,1.91,15.55,2025-08-10
Chị C,Marketing,Campaign 2,1092.04,1452.4,873.8,24.98,2.62,2025-08-01
Bạn,Marketing,Campaign 2,1161.71,1425.32,425.88,172.78,6.43,2025-10-05
Chị C,Marketing,Campaign 3,3334.67,833.82,2274.52,46.61,1.49,2025-08-05
Em D,Marketing,Campaign 4,4772.22,2045.29,1922.61,148.22,16.9,2025-09-24
Anh A,Marketing,Campaign 3,1086.85,1642.7,1600.06,-32.07,1.47,2025-09-10
Bạn,Marketing,Campaign 2,2556.0,1745.68,500.99,410.19,17.83,2025-10-02
Anh A,Marketing,Campaign 3,3441.09,1457.63,617.94,456.86,16.71,2025-09-21
Anh A,Marketing,Campaign 4,2443.71,2754.23,506.75,382.23,18.85,2025-07-17
Chị C,Marketing,Campaign 4,4120.0,598.1,662.08,522.28,3.01,2025-09-05
Bạn,Sales,Campaign 1,2644.84,1556.36,753.37,251.07,11.65,2025-07-22
Bạn,Sales,Campaign 3,2037.82,2401.48,294.31,592.41,10.44,2025-07-28
Em D,Marketing,Campaign 3,4854.91,1801.69,499.28,872.38,9.72,2025-07-05
Bạn,Marketing,Campaign 1,1961.1,2271.56,1016.29,92.97,3.02,2025-09-22
Em D,Sales,Campaign 2,1162.83,2021.53,2030.39,-42.73,6.75,2025-08-05
Anh A,Marketing,Campaign 4,3189.42,1201.22,433.17,636.3,11.1,2025-08-02
Bạn,Sales,Campaign 3,2576.72,1062.16,2079.65,23.9,14.48,2025-09-16
Em D,Sales,Campaign 3,1850.49,2930.51,1677.18,10.33,16.49,2025-07-17
Em D,Marketing,Campaign 1,4264.09,976.93,1039.61,310.16,5.41,2025-10-07
Anh A,Sales,Campaign 2,3017.79,1278.9,1441.14,109.4,4.69,2025-09-30
Chị C,Marketing,Campaign 3,3023.36,2317.37,1220.16,147.78,6.03,2025-09-27
Chị C,Sales,Campaign 1,2301.77,841.36,2451.95,-6.12,8.26,2025-07-05
Anh A,Marketing,Campaign 1,4581.92,2775.42,376.77,1116.11,8.85,2025-07-09
Bạn,Sales,Campaign 1,2120.59,818.54,2224.13,-4.66,14.6,2025-07-22
Em D,Marketing,Campaign 4,3597.92,2205.59,1914.85,87.9,5.58,2025-08-04
Em D,Marketing,Campaign 1,1295.19,1690.11,2066.97,-37.34,2.41,2025-08-28
Chị C,Marketing,Campaign 2,3073.43,2514.07,2395.83,28.28,7.84,2025-09-15
Anh A,Sales,Campaign 3,1595.5,2964.0,1713.57,-6.89,17.78,2025-08-25
Anh A,Marketing,Campaign 1,1515.2,886.39,961.56,57.58,2.09,2025-08-17
Bạn,Marketing,Campaign 1,2932.44,1298.04,2289.29,28.09,11.92,2025-07-12
Bạn,Marketing,Campaign 2,1272.74,918.24,336.89,277.79,16.3,2025-09-10
Chị B,Marketing,Campaign 4,2288.1,1096.48,892.12,156.48,19.81,2025-09-12
Bạn,Marketing,Campaign 4,2001.67,2954.64,1924.96,3.99,3.51,2025-08-07
Chị C,Marketing,Campaign 2,2280.71,934.86,1650.57,38.18,12.79,2025-08-20
Bạn,Sales,Campaign 2,3619.68,2899.51,1490.41,142.86,3.35,2025-10-04
Chị B,Sales,Campaign 3,1850.68,2698.44,1736.84,6.55,15.46,2025-08-01
Bạn,Marketing,Campaign 3,1320.76,2299.48,1019.48,29.55,18.61,2025-09-13
Anh A,Sales,Campaign 2,2051.03,513.29,640.03,220.46,16.86,2025-09-28
Bạn,Marketing,Campaign 4,3577.22,2189.64,1144.22,212.63,2.43,2025-07-19
Anh A,Marketing,Campaign 4,2409.54,2941.12,1255.5,91.92,19.23,2025-09-01
Chị B,Sales,Campaign 1,2850.42,1006.39,268.13,963.07,11.15,2025-07-08
Chị B,Sales,Campaign 1,2361.59,845.65,1045.38,125.91,13.84,2025-09-10
Em D,Marketing,Campaign 4,3964.03,1210.53,909.7,335.75,18.2,2025-07-23
Anh A,Sales,Campaign 4,3838.61,732.92,1425.32,169.32,4.15,2025-07-08
Bạn,Sales,Campaign 2,3030.54,1741.33,1669.91,81.48,2.28,2025-07-17
Chị B,Marketing,Campaign 1,1957.87,2290.08,1638.95,19.46,9.94,2025-07-05
Anh A,Sales,Campaign 2,1502.26,2627.46,957.56,56.88,5.46,2025-08-13
Em D,Marketing,Campaign 4,4002.76,2291.07,987.01,305.54,15.34,2025-09-02
Chị B,Marketing,Campaign 3,3555.62,1970.35,1591.65,123.39,5.56,2025-09-04
Anh A,Marketing,Campaign 3,3737.65,2932.16,1554.37,140.46,14.58,2025-09-20
Em D,Sales,Campaign 4,4477.93,2335.26,2326.42,92.48,7.6,2025-09-17
Chị B,Marketing,Campaign 1,3246.94,618.49,647.88,401.16,2.26,2025-08-07
Anh A,Marketing,Campaign 3,2896.0,645.26,1131.25,156.0,14.93,2025-07-05
Anh A,Marketing,Campaign 1,3672.84,2723.02,517.21,610.13,16.52,2025-10-03
Em D,Sales,Campaign 1,1441.71,511.66,2065.51,-30.2,2.82,2025-08-29
Chị C,Sales,Campaign 3,1656.59,1293.36,1185.59,39.73,5.53,2025-07-17
Anh A,Sales,Campaign 3,3162.46,2014.63,2418.82,30.74,5.68,2025-10-07
Anh A,Marketing,Campaign 2,2294.79,775.47,1059.14,116.67,14.1,2025-09-16
Bạn,Sales,Campaign 4,3227.93,1939.4,1443.98,123.54,11.78,2025-08-19
Anh A,Sales,Campaign 4,1681.69,826.68,2215.89,-24.11,5.21,2025-09-10
Chị B,Sales,Campaign 2,1611.73,2189.84,1727.95,-6.73,4.64,2025-08-29
Bạn,Sales,Campaign 3,3079.76,2742.35,2030.79,51.65,18.68,2025-07-23
Anh A,Sales,Campaign 1,4379.95,2639.92,2075.96,110.98,2.74,2025-10-06
Chị C,Sales,Campaign 1,4671.72,971.1,1417.57,229.56,8.99,2025-08-23
Bạn,Sales,Campaign 1,2151.83,2772.92,1049.24,105.08,3.69,2025-07-25
Anh A,Sales,Campaign 4,2995.6,1082.35,801.51,273.74,19.45,2025-07-14
Chị B,Marketing,Campaign 1,3562.74,2998.36,517.75,588.12,8.55,2025-07-06
Chị C,Sales,Campaign 3,4507.78,1441.22,340.44,1224.1,13.29,2025-08-30
Em D,Sales,Campaign 3,2858.61,1586.23,1461.2,95.63,15.42,2025-08-10
Chị B,Marketing,Campaign 2,2302.58,1208.27,1611.64,42.87,10.1,2025-07-06
Chị C,Sales,Campaign 4,2823.92,750.31,1270.83,122.21,5.56,2025-07-28
Bạn,Sales,Campaign 4,1359.83,1808.39,432.66,214.3,7.54,2025-09-06
Bạn,Marketing,Campaign 4,4618.9,1255.59,568.75,712.11,14.96,2025-07-25
Chị B,Marketing,Campaign 4,3920.84,1511.64,1771.24,121.36,11.26,2025-08-20
Bạn,Sales,Campaign 3,3213.53,1305.33,990.92,224.3,6.14,2025-07-29
Chị C,Marketing,Campaign 2,1107.69,2498.62,724.98,52.79,6.58,2025-10-02
Bạn,Sales,Campaign 4,3864.3,1568.74,1460.35,164.61,18.72,2025-07-03
Em D,Sales,Campaign 2,2390.14,1561.25,2092.71,14.21,5.76,2025-10-03
Chị C,Sales,Campaign 2,4327.97,1510.24,1916.47,125.83,3.44,2025-09-17
Anh A,Sales,Campaign 1,1076.11,2642.91,556.83,93.26,4.14,2025-08-04
Chị C,Marketing,Campaign 1,4455.45,1446.37,2375.42,87.56,2.71,2025-07-05
Chị C,Marketing,Campaign 4,2595.24,1076.61,422.28,514.58,6.27,2025-07-12
Chị B,Sales,Campaign 3,3561.97,969.81,1282.73,177.69,12.85,2025-09-03
Anh A,Sales,Campaign 3,3090.5,1846.35,1211.65,155.07,2.37,2025-07-14
Bạn,Sales,Campaign 2,4771.85,2759.48,2391.26,99.55,17.81,2025-08-26
Chị B,Sales,Campaign 4,1186.53,1429.36,834.91,42.11,19.92,2025-07-15
Chị B,Marketing,Campaign 2,2926.77,997.09,823.84,255.26,10.27,2025-07-28
Bạn,Marketing,Campaign 4,3460.86,2794.42,534.66,547.3,5.71,2025-09-28
Anh A,Sales,Campaign 2,3038.33,2623.12,1841.82,64.96,11.44,2025-07-10
Chị B,Sales,Campaign 3,4199.57,2587.68,2435.49,72.43,12.45,2025-07-16
Bạn,Marketing,Campaign 3,2842.8,1768.44,1014.27,180.28,3.53,2025-08-24
Bạn,Sales,Campaign 1,2216.19,1081.57,2281.33,-2.86,4.55,2025-09-12
Chị B,Marketing,Campaign 4,4002.12,2943.47,497.03,705.21,10.95,2025-09-24
Chị B,Marketing,Campaign 1,3561.03,2532.68,1976.46,80.17,12.84,2025-09-14
Chị B,Sales,Campaign 1,2919.58,2446.47,2150.7,35.75,14.68,2025-09-11
Bạn,Marketing,Campaign 2,1425.19,1561.58,1421.27,0.28,14.8,2025-08-18
Bạn,Sales,Campaign 1,1135.76,532.31,1113.79,1.97,19.22,2025-08-03
Anh A,Sales,Campaign 2,1781.41,1534.38,411.31,333.11,19.99,2025-08-11
Bạn,Marketing,Campaign 4,1531.66,689.97,2100.17,-27.07,16.88,2025-06-30
Em D,Marketing,Campaign 1,1618.63,1944.7,1863.8,-13.15,19.64,2025-08-02
Bạn,Sales,Campaign 4,1450.59,1528.98,395.51,266.76,1.64,2025-07-09
Em D,Sales,Campaign 4,1012.24,1028.77,1619.44,-37.49,4.2,2025-09-09
Bạn,Sales,Campaign 3,4609.37,2250.43,258.12,1685.75,12.78,2025-09-28
Chị C,Sales,Campaign 2,1223.42,1123.47,2443.67,-49.94,8.42,2025-10-07
Anh A,Sales,Campaign 4,2822.2,1033.46,1489.61,89.46,1.53,2025-08-29
Chị B,Sales,Campaign 2,3713.52,1485.68,2290.77,62.11,11.34,2025-08-03
Anh A,Sales,Campaign 4,1771.6,2914.21,1128.25,57.02,10.54,2025-08-09
Anh A,Marketing,Campaign 2,1868.02,695.24,1663.76,12.28,3.66,2025-08-07
Chị B,Sales,Campaign 1,2684.15,2931.39,1332.53,101.43,14.24,2025-09-18
Chị C,Sales,Campaign 1,4520.37,1036.27,1357.71,232.94,18.19,2025-07-22
Chị C,Sales,Campaign 3,2830.84,668.7,222.25,1173.72,16.94,2025-07-19
Bạn,Sales,Campaign 2,1017.14,2177.12,1255.55,-18.99,7.73,2025-07-21
Anh A,Sales,Campaign 2,1814.73,1382.18,1336.02,35.83,9.61,2025-09-14
Bạn,Sales,Campaign 2,3639.31,776.26,1111.07,227.55,5.26,2025-06-30
Bạn,Sales,Campaign 4,2713.45,2652.85,2170.7,25.0,4.78,2025-07-23
Chị B,Marketing,Campaign 1,3580.65,2616.11,2160.34,65.74,15.66,2025-09-16
Em D,Marketing,Campaign 4,1962.14,2332.12,1880.24,4.36,19.41,2025-09-24
Anh A,Marketing,Campaign 4,1561.77,2418.63,1194.74,30.72,16.04,2025-07-09
Anh A,Marketing,Campaign 3,1709.9,1151.01,1759.68,-2.83,9.43,2025-08-08
Bạn,Marketing,Campaign 2,1460.63,1704.79,643.12,127.12,4.23,2025-07-27
Anh A,Marketing,Campaign 1,4244.94,609.19,750.31,465.76,11.57,2025-10-02
Em D,Marketing,Campaign 2,3858.83,1656.86,553.95,596.6,5.98,2025-09-23
Chị B,Marketing,Campaign 2,2905.03,708.01,1801.46,61.26,7.51,2025-07-04
Em D,Sales,Campaign 4,2882.68,2707.69,1315.0,119.22,2.86,2025-10-05
Anh A,Sales,Campaign 2,4610.2,1253.1,745.37,518.51,18.59,2025-09-02
Chị B,Sales,Campaign 1,3414.67,2702.25,1883.6,81.28,6.82,2025-10-04
Chị C,Sales,Campaign 2,1145.54,715.9,2001.36,-42.76,14.34,2025-09-20
Chị C,Marketing,Campaign 2,1315.36,2922.39,2409.64,-45.41,17.39,2025-09-09
Em D,Sales,Campaign 2,2206.57,1947.89,541.25,307.68,5.16,2025-07-05
Em D,Marketing,Campaign 1,1973.24,661.42,1310.09,50.62,14.82,2025-09-13
Em D,Sales,Campaign 3,1708.62,1309.67,2208.59,-22.64,13.87,2025-08-29
Em D,Marketing,Campaign 2,3016.21,2703.87,2429.48,24.15,13.49,2025-07-08
Chị B,Marketing,Campaign 3,1512.37,1752.31,2042.72,-25.96,16.36,2025-07-15
Anh A,Sales,Campaign 4,1951.15,569.75,2452.22,-20.43,15.52,2025-09-04
Anh A,Sales,Campaign 1,3614.04,1932.3,1963.61,84.05,8.03,2025-09-16
Chị B,Sales,Campaign 4,4150.52,989.87,745.31,456.89,18.7,2025-10-01
Bạn,Sales,Campaign 3,4959.21,781.55,244.48,1928.47,3.21,2025-09-15
Anh A,Sales,Campaign 1,3752.24,2974.15,1281.67,192.76,11.07,2025-08-11
Bạn,Marketing,Campaign 1,2189.0,1270.24,1164.98,87.9,12.6,2025-08-13
Chị B,Marketing,Campaign 4,4370.26,1618.23,1925.85,126.93,4.82,2025-09-30
Chị B,Marketing,Campaign 2,1106.08,1782.1,2003.02,-44.78,5.06,2025-08-30
Em D,Sales,Campaign 3,2985.25,2507.25,2035.83,46.64,17.57,2025-08-24
Chị C,Sales,Campaign 3,1486.67,2513.27,1207.42,23.13,11.94,2025-07-29
Bạn,Marketing,Campaign 3,1511.19,1889.66,732.66,106.26,7.64,2025-09-18
Chị B,Sales,Campaign 3,2062.83,2505.88,543.8,279.34,15.12,2025-07-13
Em D,Sales,Campaign 2,1120.55,1052.42,303.01,269.81,15.68,2025-07-05
Anh A,Marketing,Campaign 1,3837.03,505.4,922.74,315.83,18.4,2025-08-28
Em D,Marketing,Campaign 2,1623.28,2297.05,1108.58,46.43,4.21,2025-09-21
Chị B,Marketing,Campaign 1,1903.97,765.91,1191.45,59.8,14.65,2025-09-25
Bạn,Marketing,Campaign 4,2904.54,1285.09,275.89,952.79,7.11,2025-07-16
Em D,Marketing,Campaign 1,1603.18,1917.81,583.02,174.98,15.89,2025-07-19
Bạn,Sales,Campaign 1,1492.85,2367.02,1194.74,24.95,11.54,2025-09-06
Anh A,Marketing,Campaign 2,1334.87,1438.51,1936.44,-31.07,16.0,2025-09-18
Bạn,Marketing,Campaign 3,4728.44,1714.58,1250.62,278.09,14.96,2025-09-22
Chị C,Sales,Campaign 4,3564.61,1419.47,1359.97,162.11,4.78,2025-08-02
Anh A,Marketing,Campaign 3,1003.25,2285.13,1732.93,-42.11,12.12,2025-08-01
Bạn,Marketing,Campaign 1,3825.97,1561.7,862.29,343.7,17.76,2025-09-22
Bạn,Marketing,Campaign 3,4370.42,1091.52,268.3,1528.93,16.77,2025-10-05
Em D,Marketing,Campaign 1,2618.4,1476.42,2242.97,16.74,16.59,2025-07-31
Anh A,Sales,Campaign 4,4161.99,2279.72,1431.27,190.79,6.65,2025-08-26
Anh A,Marketing,Campaign 4,4527.42,1186.35,639.38,608.1,17.93,2025-10-03
Chị B,Sales,Campaign 2,3714.51,2794.35,521.0,612.96,14.16,2025-08-02
Em D,Sales,Campaign 1,1211.75,1407.07,542.27,123.46,3.7,2025-10-03
Bạn,Marketing,Campaign 2,2582.84,936.04,1936.07,33.41,2.83,2025-07-21
Chị B,Sales,Campaign 4,2046.66,2615.72,2168.33,-5.61,13.61,2025-08-02
Anh A,Marketing,Campaign 2,2948.96,1787.34,1041.47,183.15,16.31,2025-07-18
Bạn,Sales,Campaign 1,1345.47,1517.05,2308.25,-41.71,3.3,2025-08-09
Anh A,Marketing,Campaign 2,3460.48,2611.88,379.26,812.43,1.08,2025-08-25
Anh A,Sales,Campaign 4,1852.18,612.26,2388.06,-22.44,14.89,2025-08-05
Chị C,Marketing,Campaign 3,1067.62,1704.98,1951.62,-45.3,7.54,2025-09-02
Anh A,Marketing,Campaign 1,4425.94,585.78,2439.12,81.46,10.38,2025-07-07
Em D,Marketing,Campaign 3,4102.42,1345.95,1440.69,184.75,19.19,2025-07-22
Chị B,Marketing,Campaign 4,1590.07,2767.99,607.76,161.63,2.68,2025-07-09
Bạn,Marketing,Campaign 2,3778.74,1690.71,813.88,364.29,14.07,2025-09-25
Chị B,Sales,Campaign 4,1453.45,2248.24,1664.6,-12.68,9.74,2025-08-08
Anh A,Marketing,Campaign 2,1292.06,1353.4,1293.06,-0.08,8.48,2025-07-14
Chị C,Sales,Campaign 3,3518.99,917.45,1339.03,162.8,4.63,2025-08-26
Chị B,Sales,Campaign 2,3152.57,1321.59,2375.87,32.69,10.94,2025-09-05
Bạn,Marketing,Campaign 3,2862.46,2713.07,1561.22,83.35,10.66,2025-10-07
Chị C,Marketing,Campaign 2,4921.21,2047.03,1577.2,212.02,15.36,2025-07-04
Bạn,Sales,Campaign 2,2670.51,2870.38,1619.11,64.94,13.2,2025-09-21
Chị C,Marketing,Campaign 1,3572.66,2170.91,1837.75,94.4,15.62,2025-09-14
Chị C,Sales,Campaign 3,4702.08,655.82,1073.33,338.08,15.87,2025-07-21
Chị C,Marketing,Campaign 2,3913.41,762.03,400.81,876.38,13.68,2025-07-28
Em D,Sales,Campaign 2,3529.58,671.48,2205.29,60.05,18.8,2025-08-12
Chị B,Sales,Campaign 1,3103.08,528.54,1382.12,124.52,4.03,2025-07-12
Chị B,Marketing,Campaign 2,1641.24,1764.72,1978.5,-17.05,19.7,2025-09-23
Em D,Sales,Campaign 3,1426.32,872.86,677.94,110.39,1.53,2025-07-06
Chị B,Sales,Campaign 4,2868.55,1237.56,500.04,473.66,10.92,2025-08-23
Em D,Marketing,Campaign 2,1849.34,566.77,1689.66,9.45,15.47,2025-08-29
Chị B,Sales,Campaign 3,1167.89,2535.63,2209.29,-47.14,15.92,2025-09-18
Anh A,Sales,Campaign 4,1424.79,1472.73,479.81,196.95,2.29,2025-08-25
Chị C,Marketing,Campaign 3,1554.44,520.47,629.49,146.94,16.96,2025-09-23
Chị B,Marketing,Campaign 3,4503.77,2937.79,2375.03,89.63,19.88,2025-08-20
Chị C,Marketing,Campaign 4,2722.95,1445.69,551.1,394.09,1.36,2025-08-29
Chị C,Sales,Campaign 1,4141.27,2418.76,732.85,465.09,12.73,2025-07-14
Chị B,Marketing,Campaign 3,3906.66,1330.72,1412.36,176.61,19.89,2025-08-08
Bạn,Sales,Campaign 2,1366.46,1376.42,883.09,54.74,4.29,2025-09-05
Em D,Sales,Campaign 3,4992.22,1319.77,1312.2,280.45,12.77,2025-08-27
Bạn,Marketing,Campaign 2,1228.67,1084.93,2478.36,-50.42,5.55,2025-08-04
Anh A,Sales,Campaign 1,4188.21,850.02,366.61,1042.42,16.4,2025-08-10
Chị B,Marketing,Campaign 2,1235.61,2116.94,2120.73,-41.74,19.88,2025-09-30
Chị C,Sales,Campaign 1,4465.76,1686.86,1797.12,148.5,8.5,2025-07-24
Chị B,Marketing,Campaign 1,4892.44,2047.66,1079.58,353.18,12.77,2025-07-21
Bạn,Marketing,Campaign 3,2029.77,570.49,678.84,199.01,17.4,2025-09-12
Chị C,Sales,Campaign 2,2721.99,504.36,2217.81,22.73,16.71,2025-09-15
Chị C,Marketing,Campaign 4,3442.79,2303.97,2215.93,55.37,11.66,2025-07-28
Chị B,Sales,Campaign 4,4897.96,2432.5,418.69,1069.83,17.5,2025-09-09
Chị B,Marketing,Campaign 1,3172.48,2787.32,2130.81,48.89,4.58,2025-09-20
Chị C,Sales,Campaign 3,3926.36,2521.03,755.68,419.58,15.23,2025-10-03
Anh A,Marketing,Campaign 3,3789.23,2297.61,1434.13,164.22,18.94,2025-09-12
Chị C,Marketing,Campaign 2,4527.53,2340.79,1509.92,199.85,18.08,2025-08-22
Chị B,Sales,Campaign 2,4603.46,1042.67,1464.3,214.38,6.7,2025-07-05
Bạn,Sales,Campaign 2,3118.61,2829.91,735.35,324.1,1.0,2025-07-16
Chị C,Sales,Campaign 4,1641.89,1904.9,2442.66,-32.78,8.96,2025-08-03
Anh A,Sales,Campaign 4,4890.31,1170.09,603.21,710.71,2.34,2025-07-12
Anh A,Sales,Campaign 4,1269.42,2085.77,2450.61,-48.2,2.95,2025-09-29
Em D,Marketing,Campaign 4,4622.12,2880.58,564.39,718.96,19.7,2025-07-24
Chị B,Marketing,Campaign 3,1647.33,1769.86,862.77,90.94,3.41,2025-09-20
Chị B,Marketing,Campaign 4,1298.96,1038.1,2489.1,-47.81,6.25,2025-07-29
Chị C,Marketing,Campaign 4,4061.39,1639.35,2339.47,73.6,6.64,2025-07-01
Chị C,Sales,Campaign 3,2650.95,1987.88,557.63,375.4,17.1,2025-07-27
Anh A,Sales,Campaign 4,2526.11,1628.57,1999.08,26.36,12.32,2025-10-02
Em D,Marketing,Campaign 3,4575.55,572.47,1746.42,162.0,6.54,2025-07-19
Chị B,Marketing,Campaign 4,4841.76,735.26,877.8,451.58,18.07,2025-08-09
Bạn,Marketing,Campaign 3,3535.58,1208.13,724.89,387.74,3.5,2025-08-09
Chị B,Sales,Campaign 2,4987.55,2219.66,249.45,1899.42,17.57,2025-08-01
Chị C,Sales,Campaign 3,4224.69,740.32,1782.41,137.02,7.93,2025-10-03
Em D,Marketing,Campaign 1,4542.03,2217.03,1719.85,164.09,10.25,2025-07-07
Chị C,Sales,Campaign 4,1221.99,2722.66,1241.15,-1.54,13.68,2025-09-17
Anh A,Marketing,Campaign 3,1381.26,2182.96,2239.8,-38.33,13.51,2025-09-11
Em D,Sales,Campaign 1,2048.99,2469.52,2144.64,-4.46,5.06,2025-07-19
Bạn,Sales,Campaign 1,2006.19,1231.52,2418.74,-17.06,16.6,2025-09-12
Anh A,Marketing,Campaign 3,1757.07,1213.03,1703.22,3.16,13.22,2025-10-06
Bạn,Marketing,Campaign 3,2598.48,1453.91,589.31,340.94,3.96,2025-08-06
Em D,Marketing,Campaign 4,3163.45,1225.91,717.66,340.8,3.77,2025-08-01
Chị C,Sales,Campaign 2,3162.98,878.73,1152.01,174.56,12.16,2025-08-09
Em D,Sales,Campaign 3,4433.88,2682.82,1902.72,133.03,7.61,2025-08-03
Chị C,Marketing,Campaign 2,3120.87,1160.04,754.66,313.55,1.0,2025-07-14
Chị B,Marketing,Campaign 3,1722.31,1103.9,1065.28,61.68,1.15,2025-07-29
Bạn,Marketing,Campaign 4,3988.57,1050.54,1419.84,180.92,11.2,2025-08-01
Chị B,Marketing,Campaign 3,4021.05,1986.64,531.04,657.2,3.79,2025-07-07
Anh A,Sales,Campaign 2,2219.27,1380.82,467.09,375.13,10.19,2025-07-25
Bạn,Marketing,Campaign 3,4789.05,522.48,1387.76,245.09,10.72,2025-07-28
Bạn,Marketing,Campaign 2,1555.26,2573.97,584.22,166.21,13.77,2025-10-07
Anh A,Marketing,Campaign 1,4804.43,1480.98,1794.6,167.72,15.68,2025-08-23
Anh A,Sales,Campaign 4,3583.59,2447.21,2269.48,57.9,16.71,2025-07-17
Chị C,Sales,Campaign 2,1274.98,2426.83,1952.23,-34.69,13.98,2025-09-19
Chị C,Sales,Campaign 2,3464.39,1274.65,1317.41,162.97,9.67,2025-07-17
Bạn,Sales,Campaign 3,1028.35,1807.52,2175.04,-52.72,4.78,2025-07-25
Bạn,Sales,Campaign 2,1215.35,1903.75,1006.16,20.79,8.29,2025-08-21
Anh A,Marketing,Campaign 1,3292.35,1207.18,201.26,1535.87,7.05,2025-08-22
Chị B,Marketing,Campaign 4,4431.14,1086.49,272.52,1525.99,17.24,2025-08-02
Chị C,Sales,Campaign 1,1372.64,635.68,1291.19,6.31,16.72,2025-08-02
Chị B,Marketing,Campaign 2,4222.53,2239.38,470.64,797.19,7.08,2025-07-23
Em D,Sales,Campaign 3,3436.4,1695.43,1259.85,172.76,2.17,2025-09-13
Chị B,Sales,Campaign 3,2974.24,2559.68,1260.36,135.98,16.06,2025-08-08
Em D,Marketing,Campaign 3,4492.57,1348.1,409.9,996.02,4.91,2025-07-16
Chị C,Marketing,Campaign 1,2883.02,2706.99,1160.52,148.42,9.14,2025-09-17
Chị C,Marketing,Campaign 1,4375.76,927.66,1057.43,313.81,17.24,2025-08-23
Anh A,Sales,Campaign 1,4102.87,1668.39,1000.44,310.11,12.3,2025-08-09
Chị B,Marketing,Campaign 1,4995.75,1200.81,563.64,786.34,1.54,2025-07-01
Anh A,Sales,Campaign 1,1375.7,1059.82,1351.8,1.77,3.27,2025-08-02
Chị C,Marketing,Campaign 4,2212.67,2712.95,1898.62,16.54,13.13,2025-07-13
Em D,Sales,Campaign 4,3729.94,1104.35,1447.13,157.75,8.35,2025-09-27
Bạn,Sales,Campaign 3,2449.72,2899.47,424.59,476.96,15.56,2025-08-12
Chị C,Marketing,Campaign 3,4056.93,793.03,1758.0,130.77,18.46,2025-08-01
Em D,Sales,Campaign 3,2904.48,829.0,1971.28,47.34,1.93,2025-07-15
Em D,Sales,Campaign 1,1462.99,2513.54,1747.29,-16.27,16.2,2025-09-06
Bạn,Sales,Campaign 2,2029.99,2112.18,2070.91,-1.98,7.55,2025-08-04
Bạn,Marketing,Campaign 3,2929.62,2591.63,1202.3,143.67,13.43,2025-08-25
Chị B,Sales,Campaign 2,4362.0,2808.88,441.93,887.03,16.64,2025-07-02
Chị B,Sales,Campaign 4,3468.35,1839.11,967.31,258.56,14.75,2025-08-26
Chị C,Sales,Campaign 3,3090.74,918.61,2271.91,36.04,10.36,2025-07-04
Anh A,Marketing,Campaign 3,4040.43,1024.87,2002.64,101.76,4.92,2025-08-13
Em D,Sales,Campaign 2,2956.94,2391.91,1382.06,113.95,11.08,2025-06-30
Bạn,Sales,Campaign 4,3847.09,2098.32,2011.76,91.23,11.15,2025-07-03
Chị B,Marketing,Campaign 4,4888.65,1079.81,1742.58,180.54,17.84,2025-09-09
Em D,Marketing,Campaign 4,4067.86,551.71,1011.74,302.07,4.01,2025-08-23
Em D,Sales,Campaign 3,2837.76,2106.92,1943.26,46.03,15.18,2025-09-02
Bạn,Sales,Campaign 2,3811.15,2802.59,1250.74,204.71,4.15,2025-09-20
Chị C,Marketing,Campaign 3,4903.38,1269.51,2335.74,109.93,2.84,2025-09-15
Chị C,Marketing,Campaign 4,2889.91,1678.35,753.27,283.65,16.95,2025-08-22
Bạn,Sales,Campaign 4,1805.12,1618.07,2405.81,-24.97,10.08,2025-09-26
Chị C,Marketing,Campaign 3,3010.83,772.81,1148.23,162.21,17.53,2025-08-25
Anh A,Marketing,Campaign 2,2134.78,1011.47,2063.0,3.48,14.43,2025-07-13
Bạn,Marketing,Campaign 4,1259.23,2664.76,1024.32,22.93,5.83,2025-07-27
Anh A,Marketing,Campaign 2,1371.19,854.24,365.08,275.59,3.09,2025-07-13
Em D,Marketing,Campaign 3,1109.24,2365.88,963.52,15.12,8.95,2025-09-29
Anh A,Sales,Campaign 1,1849.25,2379.38,1245.17,48.51,9.31,2025-08-02
Em D,Sales,Campaign 2,1456.03,2878.47,1417.35,2.73,16.45,2025-07-29
Anh A,Marketing,Campaign 1,1408.78,2479.82,904.73,55.71,1.36,2025-09-17
Chị C,Marketing,Campaign 2,1873.27,2803.47,1736.35,7.89,17.58,2025-10-01
Chị C,Marketing,Campaign 4,3849.58,1936.17,557.77,590.17,19.17,2025-09-18
Chị C,Sales,Campaign 1,3732.8,1712.49,2077.65,79.66,13.96,2025-10-04
Chị C,Marketing,Campaign 3,4603.49,2759.6,858.25,436.38,9.27,2025-08-02
Bạn,Sales,Campaign 2,1406.19,982.66,2058.39,-31.68,4.68,2025-07-24
Em D,Marketing,Campaign 1,4986.71,1778.23,2322.02,114.76,8.35,2025-08-29
Chị C,Sales,Campaign 3,2839.45,1845.47,2229.72,27.35,6.25,2025-09-27
Em D,Sales,Campaign 3,3474.18,1938.18,526.71,559.6,2.31,2025-08-05
Chị C,Sales,Campaign 4,4833.36,1480.79,2267.49,113.16,18.43,2025-07-31
Em D,Marketing,Campaign 4,4295.42,2409.94,233.0,1743.53,13.29,2025-08-28
Chị B,Sales,Campaign 1,4791.59,1263.13,2420.88,97.93,12.15,2025-08-03
Chị B,Sales,Campaign 4,2415.76,1526.56,2342.14,3.14,9.8,2025-09-24
Bạn,Marketing,Campaign 3,3531.95,1921.12,1732.73,103.84,8.7,2025-10-03
Bạn,Sales,Campaign 1,2887.9,1428.1,339.75,750.01,16.24,2025-08-19
Anh A,Marketing,Campaign 1,3041.28,1511.89,1982.36,53.42,6.55,2025-09-14
Chị C,Marketing,Campaign 1,1513.32,1289.92,675.97,123.87,8.99,2025-08-03
Anh A,Marketing,Campaign 4,2517.31,2061.62,2468.91,1.96,5.74,2025-08-07
Chị C,Sales,Campaign 2,4728.67,1452.88,1917.15,146.65,7.94,2025-07-30
Chị C,Marketing,Campaign 2,3474.25,1198.79,2434.56,42.71,5.38,2025-09-04
Chị B,Marketing,Campaign 4,2594.8,1290.91,878.25,195.45,10.9,2025-08-24
Chị C,Sales,Campaign 1,4503.39,2185.26,1585.23,184.08,16.68,2025-07-17
Bạn,Marketing,Campaign 3,4616.73,1138.61,1454.44,217.42,18.08,2025-07-10
Bạn,Sales,Campaign 4,1154.89,1509.29,2472.02,-53.28,2.32,2025-07-07
Bạn,Sales,Campaign 4,2002.49,1405.62,1062.48,88.47,3.6,2025-09-21
Chị B,Sales,Campaign 2,1524.6,1855.12,1112.06,37.1,4.32,2025-09-11
Chị B,Marketing,Campaign 3,4225.44,1415.65,360.31,1072.72,12.7,2025-08-11
Bạn,Sales,Campaign 4,4067.41,535.67,1152.96,252.78,9.06,2025-07-02
Chị C,Sales,Campaign 4,3525.42,2284.68,2322.06,51.82,11.31,2025-07-29
Bạn,Sales,Campaign 3,2913.51,2706.52,662.53,339.76,2.01,2025-08-10
Bạn,Sales,Campaign 4,2314.07,857.25,2229.97,3.77,5.7,2025-07-02
Anh A,Marketing,Campaign 4,1241.68,2837.16,1720.78,-27.84,3.57,2025-08-21
Chị C,Sales,Campaign 2,2432.47,2733.48,1777.39,36.86,13.73,2025-07-16
Chị B,Sales,Campaign 3,4733.77,1614.21,2053.21,130.55,3.47,2025-08-27
Bạn,Sales,Campaign 3,1409.03,1922.67,1351.7,4.24,18.81,2025-07-23
Bạn,Sales,Campaign 3,4469.51,2086.92,669.6,567.49,12.26,2025-08-29
Chị C,Marketing,Campaign 1,2448.54,548.45,522.95,368.22,15.0,2025-09-03
Bạn,Marketing,Campaign 1,2450.6,1346.89,1031.41,137.6,13.23,2025-07-04
Chị B,Marketing,Campaign 1,3319.32,1361.94,2226.56,49.08,19.38,2025-07-31
Chị C,Marketing,Campaign 3,4412.84,2502.14,1537.88,186.94,7.47,2025-08-07
Chị B,Marketing,Campaign 3,2805.24,605.97,577.08,386.11,8.7,2025-08-30
Anh A,Sales,Campaign 2,4057.5,2063.89,1676.7,141.99,10.58,2025-08-02
Em D,Marketing,Campaign 1,1435.2,883.2,1377.46,4.19,10.93,2025-08-01
Em D,Sales,Campaign 4,3082.31,998.24,2152.79,43.18,8.49,2025-09-05
Chị C,Marketing,Campaign 4,4476.5,715.57,214.09,1990.94,8.76,2025-09-02
Anh A,Marketing,Campaign 1,3966.48,2655.08,1596.93,148.38,14.16,2025-06-30
Chị C,Sales,Campaign 4,2593.28,1781.68,665.69,289.56,7.63,2025-09-11
Chị B,Marketing,Campaign 4,3302.96,2565.29,1566.85,110.8,1.01,2025-09-07
Chị B,Sales,Campaign 3,2384.0,1910.16,2207.97,7.97,18.79,2025-07-27
Chị C,Marketing,Campaign 4,3005.59,2594.27,1959.27,53.4,3.74,2025-08-12
Chị B,Marketing,Campaign 3,3700.71,669.81,2141.88,72.78,3.27,2025-07-20
Chị C,Sales,Campaign 3,2941.36,1994.91,847.39,247.11,8.29,2025-08-27
Em D,Sales,Campaign 3,1205.75,1648.05,906.64,32.99,3.0,2025-08-09
Em D,Sales,Campaign 3,4672.01,1078.16,2197.71,112.59,11.61,2025-08-04
Chị B,Marketing,Campaign 4,1840.09,860.8,1414.28,30.11,2.05,2025-08-24
Em D,Sales,Campaign 4,3402.13,2068.42,2390.82,42.3,18.73,2025-08-24
Bạn,Marketing,Campaign 2,1327.28,912.77,2417.9,-45.11,13.26,2025-08-25
Chị C,Sales,Campaign 3,3455.2,1230.23,1242.62,178.06,18.97,2025-07-24
Chị C,Marketing,Campaign 2,2076.49,2605.01,957.92,116.77,16.66,2025-08-09
Chị C,Sales,Campaign 2,1454.8,2662.05,437.4,232.6,16.04,2025-08-03
Em D,Marketing,Campaign 1,3534.22,1582.92,1919.14,84.16,1.47,2025-08-07
Em D,Marketing,Campaign 4,1386.8,618.96,588.73,135.56,5.9,2025-10-05
Bạn,Marketing,Campaign 3,4322.17,2050.89,2055.06,110.32,16.12,2025-09-24
Bạn,Sales,Campaign 2,1014.78,740.3,1866.41,-45.63,10.05,2025-07-22
Chị C,Marketing,Campaign 1,3333.65,801.86,676.36,392.88,6.27,2025-08-07
Chị C,Marketing,Campaign 4,3576.45,1259.82,505.41,607.63,8.29,2025-07-04
Chị B,Sales,Campaign 1,2439.47,1352.28,646.57,277.29,5.83,2025-09-08
Em D,Marketing,Campaign 3,1370.03,1732.97,812.9,68.54,17.32,2025-09-15
Chị B,Sales,Campaign 2,2813.07,2359.55,954.59,194.69,9.11,2025-06-30
Em D,Sales,Campaign 3,4651.02,2302.83,1695.53,174.31,7.77,2025-08-09
Chị C,Sales,Campaign 4,4890.81,1202.9,588.27,731.39,14.05,2025-09-26
Chị C,Marketing,Campaign 2,4150.18,1181.03,2391.43,73.54,9.35,2025-08-16
Anh A,Sales,Campaign 4,2080.34,506.0,698.72,197.74,18.34,2025-08-15
Bạn,Marketing,Campaign 2,2151.98,1536.11,1758.29,22.39,4.83,2025-07-09
Chị B,Sales,Campaign 4,3170.43,1366.29,2173.91,45.84,18.08,2025-07-09
Anh A,Sales,Campaign 1,2588.96,1504.49,2323.34,11.43,13.62,2025-07-23
Chị B,Marketing,Campaign 4,3238.27,2696.7,1266.8,155.63,9.88,2025-10-05
Anh A,Marketing,Campaign 4,3876.1,1774.83,1737.9,123.03,12.23,2025-08-14
Bạn,Sales,Campaign 3,4250.87,2653.08,1511.45,181.24,9.35,2025-09-18
Em D,Sales,Campaign 1,4242.97,1745.94,1806.07,134.93,13.1,2025-08-04
Chị B,Sales,Campaign 1,1262.08,2618.33,2490.3,-49.32,8.48,2025-08-07
Em D,Marketing,Campaign 3,4145.05,821.15,2357.63,75.81,8.47,2025-07-20
Chị C,Marketing,Campaign 1,1276.34,1443.36,1029.01,24.04,12.64,2025-09-17
Chị C,Sales,Campaign 1,1558.26,1795.1,1734.15,-10.14,7.63,2025-09-09
Anh A,Sales,Campaign 3,1312.24,1438.23,661.28,98.44,16.14,2025-08-23
Bạn,Marketing,Campaign 3,4624.51,554.64,2263.78,104.28,17.81,2025-08-13
Bạn,Marketing,Campaign 3,1583.68,2176.33,1330.84,19.0,3.65,2025-07-06
Bạn,Marketing,Campaign 3,1211.91,2382.65,1575.57,-23.08,13.35,2025-08-03
Bạn,Sales,Campaign 4,4545.85,710.38,1716.56,164.82,12.12,2025-08-28
Bạn,Sales,Campaign 2,4804.15,2150.36,1638.15,193.27,5.75,2025-09-12
Anh A,Sales,Campaign 2,4432.52,1797.19,1910.49,132.01,16.12,2025-07-12
Chị C,Marketing,Campaign 3,1967.04,2323.1,1898.8,3.59,4.3,2025-08-30
Bạn,Marketing,Campaign 3,3815.3,708.11,544.15,601.15,17.54,2025-09-15
Chị C,Marketing,Campaign 1,2045.41,2756.48,1165.49,75.5,18.19,2025-08-11
Bạn,Marketing,Campaign 1,3731.91,2442.11,1239.28,201.14,5.71,2025-08-04
Em D,Marketing,Campaign 3,4699.22,1129.25,245.18,1816.64,6.53,2025-09-02
Bạn,Sales,Campaign 2,4357.99,2845.98,2042.29,113.39,10.5,2025-09-03
Anh A,Sales,Campaign 1,1257.47,2937.65,351.22,258.03,18.98,2025-08-05
Bạn,Sales,Campaign 1,1784.34,1294.95,1588.0,12.36,14.68,2025-09-05
Chị B,Sales,Campaign 3,2437.12,1816.87,1070.9,127.58,6.21,2025-06-30
Chị B,Marketing,Campaign 3,2578.42,2376.15,1515.58,70.13,13.87,2025-07-02
Bạn,Marketing,Campaign 3,3127.4,2711.44,439.55,611.5,4.1,2025-08-12
Chị C,Marketing,Campaign 2,3835.18,2098.27,994.44,285.66,9.04,2025-09-15
Chị C,Sales,Campaign 3,3635.59,1070.61,1939.83,87.42,2.56,2025-07-16
Em D,Sales,Campaign 3,3310.39,2179.61,2178.37,51.97,15.07,2025-09-20
Chị B,Marketing,Campaign 3,2819.02,1670.77,2273.9,23.97,3.95,2025-08-29
Em D,Marketing,Campaign 2,2277.16,1658.11,1320.82,72.41,3.17,2025-07-20
Chị B,Sales,Campaign 3,2651.77,2239.88,903.89,193.37,11.72,2025-09-02
Anh A,Marketing,Campaign 4,4753.4,2579.54,2399.15,98.13,6.35,2025-10-03
Em D,Sales,Campaign 2,2537.84,972.29,1897.16,33.77,10.85,2025-10-05
Anh A,Marketing,Campaign 2,4694.6,1868.04,1026.57,357.31,9.02,2025-09-30
Chị B,Sales,Campaign 3,1094.42,2504.75,1097.56,-0.29,12.66,2025-08-16
Anh A,Marketing,Campaign 3,1839.63,2936.01,2395.79,-23.21,9.26,2025-07-31
Anh A,Sales,Campaign 2,2090.0,1923.05,2200.37,-5.02,1.35,2025-07-20
Chị C,Sales,Campaign 2,1768.29,1788.44,1219.67,44.98,8.94,2025-08-03
Chị B,Sales,Campaign 3,2026.86,2109.64,2257.42,-10.21,14.13,2025-07-30
Bạn,Sales,Campaign 1,1973.05,1186.14,1825.77,8.07,14.73,2025-07-22
Em D,Marketing,Campaign 4,3665.32,2881.35,1261.01,190.67,14.79,2025-10-07
Anh A,Sales,Campaign 3,4998.79,2708.54,754.51,562.52,15.95,2025-10-03
Chị C,Marketing,Campaign 3,3649.99,719.15,1931.07,89.01,13.43,2025-07-22
Chị C,Sales,Campaign 4,2649.35,1643.71,2391.99,10.76,18.81,2025-07-07
Chị C,Sales,Campaign 3,3449.45,1383.08,829.41,315.89,9.99,2025-07-12
Anh A,Sales,Campaign 2,3981.65,1499.72,1337.73,197.64,10.92,2025-09-09
Em D,Marketing,Campaign 1,3224.31,1425.29,2136.92,50.89,16.35,2025-08-01
Chị C,Marketing,Campaign 3,3490.73,956.2,2410.12,44.84,6.68,2025-07-18
Chị C,Sales,Campaign 2,1443.24,1734.66,1408.64,2.46,10.54,2025-08-23
Em D,Sales,Campaign 4,1780.05,2757.41,1193.38,49.16,10.44,2025-10-03
Chị C,Marketing,Campaign 2,4993.89,2530.18,1248.48,300.0,1.7,2025-08-20
Chị B,Marketing,Campaign 2,2755.18,1531.56,1266.65,117.52,14.93,2025-07-26
Anh A,Sales,Campaign 3,3237.15,1353.19,635.94,409.03,10.8,2025-08-07
Em D,Sales,Campaign 1,3971.09,1423.13,1820.21,118.17,3.13,2025-08-08
Chị C,Sales,Campaign 4,2547.24,1416.2,1863.91,36.66,10.7,2025-08-07
Anh A,Marketing,Campaign 1,3045.5,2361.19,1599.34,90.42,10.16,2025-09-19
Em D,Marketing,Campaign 2,3082.33,2943.16,1713.63,79.87,7.97,2025-08-20
Chị C,Sales,Campaign 1,4825.64,969.86,1627.71,196.47,5.89,2025-09-09
Chị C,Sales,Campaign 2,2390.85,1563.31,377.23,533.79,3.88,2025-07-12
Bạn,Marketing,Campaign 2,2889.67,679.03,1169.65,147.05,15.2,2025-07-05
Chị C,Sales,Campaign 2,2188.5,912.63,1164.54,87.93,19.06,2025-08-22
Bạn,Sales,Campaign 4,1400.43,1758.31,1743.5,-19.68,12.36,2025-07-26
Em D,Sales,Campaign 1,2087.49,639.78,769.94,171.12,16.22,2025-08-12
Em D,Sales,Campaign 3,3493.69,828.65,1210.43,188.63,13.49,2025-08-23
Em D,Marketing,Campaign 3,2526.99,1481.16,1782.44,41.77,2.22,2025-09-10
Chị C,Marketing,Campaign 4,3894.09,2678.62,1455.04,167.63,10.41,2025-08-11
Anh A,Sales,Campaign 4,1193.73,1068.8,245.67,385.91,12.85,2025-07-23
Em D,Marketing,Campaign 1,1095.65,566.53,289.06,279.04,1.26,2025-09-02
Anh A,Marketing,Campaign 4,4797.25,1101.88,1088.05,340.9,13.66,2025-08-24
Bạn,Sales,Campaign 4,3048.55,2309.55,775.74,292.99,13.79,2025-07-29
Anh A,Sales,Campaign 4,3469.2,2868.66,1145.51,202.85,12.34,2025-08-29
Anh A,Sales,Campaign 1,4932.74,1310.06,981.98,402.33,5.59,2025-07-18
Chị B,Sales,Campaign 4,3169.58,1098.88,1540.91,105.7,15.9,2025-07-16
Chị C,Sales,Campaign 4,4154.76,2250.35,313.2,1226.55,19.16,2025-10-03
Chị C,Sales,Campaign 1,2762.61,1100.7,390.31,607.8,4.99,2025-07-04
Em D,Marketing,Campaign 4,1331.36,2142.76,817.65,62.83,6.48,2025-08-25
Chị C,Sales,Campaign 2,4498.72,2820.21,1918.14,134.54,17.52,2025-09-06
Bạn,Sales,Campaign 2,1145.98,2406.48,2165.21,-47.07,11.0,2025-09-27
Bạn,Marketing,Campaign 2,1538.41,2103.79,912.69,68.56,10.13,2025-08-27
Bạn,Sales,Campaign 3,2807.48,1131.01,1712.51,63.94,19.21,2025-07-17
Chị B,Marketing,Campaign 2,2947.18,2225.4,2390.34,23.3,16.03,2025-09-29
Em D,Sales,Campaign 2,4271.98,2873.41,2232.96,91.31,11.81,2025-09-24
Em D,Sales,Campaign 2,2750.78,2911.75,712.26,286.2,2.17,2025-09-01
Anh A,Marketing,Campaign 4,4265.79,1377.82,1807.21,136.04,1.34,2025-08-04
Bạn,Marketing,Campaign 3,1880.82,2270.59,1751.96,7.36,4.85,2025-10-05
Bạn,Sales,Campaign 4,3531.59,912.73,1466.55,140.81,12.35,2025-07-22
Anh A,Marketing,Campaign 2,2622.88,2142.84,1213.58,116.13,17.59,2025-09-23
Em D,Sales,Campaign 1,1093.09,2458.31,1706.91,-35.96,17.41,2025-09-10
Chị B,Marketing,Campaign 1,3200.36,704.79,1549.29,106.57,17.27,2025-08-03
Chị B,Sales,Campaign 4,3859.46,1994.57,1677.17,130.12,18.65,2025-08-04
Bạn,Sales,Campaign 1,1028.9,2835.83,1233.19,-16.57,5.68,2025-07-02
Chị C,Marketing,Campaign 1,2591.81,2446.77,2403.66,7.83,9.74,2025-08-30
Chị B,Marketing,Campaign 2,3529.94,2188.26,1414.77,149.51,1.87,2025-07-18
Chị C,Sales,Campaign 3,2235.36,2113.14,1164.66,91.93,13.32,2025-07-24
Bạn,Marketing,Campaign 1,4962.31,647.01,466.37,964.03,9.65,2025-08-22
Bạn,Sales,Campaign 4,4598.49,2305.67,1425.17,222.66,16.08,2025-08-06
Em D,Marketing,Campaign 3,1883.13,2667.19,1429.77,31.71,12.04,2025-09-22
Chị B,Sales,Campaign 1,1540.41,2392.04,1784.38,-13.67,1.7,2025-09-16
Chị B,Sales,Campaign 2,3642.18,2130.86,1396.08,160.89,13.22,2025-08-13
Bạn,Sales,Campaign 1,3491.44,2527.73,785.57,344.45,5.88,2025-10-02
Anh A,Marketing,Campaign 4,3042.5,1215.9,855.04,255.83,18.92,2025-08-29
Em D,Sales,Campaign 1,3466.5,2736.61,381.39,808.91,15.4,2025-08-17
Chị C,Marketing,Campaign 2,3809.43,671.4,2334.91,63.15,18.47,2025-07-14
Bạn,Marketing,Campaign 3,3851.62,598.05,1162.15,231.42,15.03,2025-09-16
Bạn,Sales,Campaign 4,1517.65,2651.65,981.19,54.67,4.97,2025-08-10
Anh A,Marketing,Campaign 3,3630.64,2421.06,1750.87,107.36,15.21,2025-10-05
Chị C,Sales,Campaign 4,4721.67,2460.15,1770.21,166.73,14.92,2025-07-11
Em D,Marketing,Campaign 3,4331.03,2807.32,707.95,511.77,6.12,2025-08-13
Chị B,Sales,Campaign 2,4191.01,2148.92,1349.41,210.58,4.08,2025-07-09
Bạn,Sales,Campaign 1,4812.24,531.72,2465.78,95.16,6.66,2025-09-13
Chị B,Marketing,Campaign 3,3945.76,1249.66,1304.38,202.5,2.63,2025-07-31
Chị B,Sales,Campaign 4,4578.98,2214.25,712.18,542.95,16.24,2025-07-19
Anh A,Sales,Campaign 3,3540.39,2838.14,2236.9,58.27,5.92,2025-08-07
Bạn,Marketing,Campaign 3,3986.38,508.67,1363.33,192.4,10.2,2025-07-02
Chị C,Marketing,Campaign 3,4663.0,1929.83,2117.37,120.23,16.84,2025-09-30
Bạn,Marketing,Campaign 1,1342.74,2591.61,2347.95,-42.81,11.4,2025-07-18
Em D,Marketing,Campaign 2,2767.42,2791.99,809.97,241.67,3.17,2025-09-16
Bạn,Marketing,Campaign 3,4540.06,2405.8,777.66,483.81,12.9,2025-07-29
Em D,Sales,Campaign 4,3804.42,2403.33,396.67,859.09,17.96,2025-10-02
Chị C,Marketing,Campaign 4,4382.31,2467.56,1700.64,157.69,10.45,2025-09-17
Em D,Sales,Campaign 3,2437.75,633.73,2237.03,8.97,2.79,2025-10-05
Chị B,Marketing,Campaign 4,1126.86,1889.4,454.15,148.13,8.53,2025-09-13
Anh A,Sales,Campaign 4,3252.78,2268.61,1039.02,213.06,2.7,2025-09-27
Chị B,Sales,Campaign 1,1735.48,910.25,2475.11,-29.88,16.74,2025-08-17
Chị B,Sales,Campaign 4,1974.46,1470.99,2249.32,-12.22,6.25,2025-09-24
Em D,Sales,Campaign 1,4738.75,2946.05,2390.08,98.27,4.1,2025-07-25
Chị C,Sales,Campaign 1,4735.79,1159.79,955.22,395.78,18.17,2025-08-01
Em D,Marketing,Campaign 3,4847.61,2408.9,1685.41,187.62,16.07,2025-07-23
Anh A,Marketing,Campaign 2,3834.5,1919.98,2292.43,67.27,10.33,2025-08-10
Chị B,Marketing,Campaign 4,4375.38,2862.42,1560.77,180.33,14.74,2025-07-30
Em D,Sales,Campaign 4,1443.16,2081.05,1523.58,-5.28,17.11,2025-09-23
Chị C,Marketing,Campaign 3,1895.29,2511.28,1604.91,18.09,7.11,2025-08-22
Em D,Marketing,Campaign 2,4852.27,2565.16,456.12,963.81,4.44,2025-08-08
Em D,Sales,Campaign 1,2492.74,679.9,2367.8,5.28,12.46,2025-08-16
Em D,Marketing,Campaign 2,4815.38,1111.91,2390.04,101.48,15.73,2025-08-17
Chị C,Marketing,Campaign 4,3134.15,2792.94,1253.39,150.05,7.56,2025-08-12
Chị B,Marketing,Campaign 4,3413.64,1820.53,606.42,462.92,11.6,2025-07-06
Anh A,Sales,Campaign 1,1428.95,1086.18,819.8,74.3,17.9,2025-07-14
Chị C,Marketing,Campaign 1,4861.09,2254.43,1072.52,353.24,17.08,2025-07-08
Em D,Sales,Campaign 2,1780.43,765.8,1228.27,44.95,3.87,2025-09-01
Anh A,Sales,Campaign 2,2572.35,1384.49,1593.54,61.42,14.42,2025-10-07
Chị B,Sales,Campaign 3,4386.87,557.48,465.19,843.03,1.73,2025-09-08
Anh A,Sales,Campaign 4,1935.36,2342.16,2459.61,-21.31,3.92,2025-08-22
Anh A,Sales,Campaign 1,1675.31,960.08,926.17,80.89,10.08,2025-09-12
Bạn,Sales,Campaign 1,3771.66,916.01,435.74,765.58,19.17,2025-08-07
Anh A,Sales,Campaign 2,1540.54,888.45,1493.69,3.14,4.96,2025-08-26
Chị B,Sales,Campaign 4,3276.42,2908.69,283.72,1054.81,10.7,2025-08-08
Anh A,Sales,Campaign 3,1176.65,2647.74,2300.01,-48.84,1.31,2025-08-24
Chị B,Sales,Campaign 2,3649.08,2414.8,517.65,604.93,9.35,2025-08-22
Em D,Marketing,Campaign 1,1492.13,977.88,482.28,209.39,3.61,2025-09-24
Chị C,Sales,Campaign 2,2700.41,1036.51,485.87,455.79,18.56,2025-08-03
Chị C,Marketing,Campaign 3,4083.11,1573.97,365.69,1016.55,2.12,2025-07-08
Chị B,Sales,Campaign 3,2247.89,1518.06,948.07,137.1,2.9,2025-08-09
Anh A,Sales,Campaign 2,1898.53,2407.21,1518.15,25.06,5.39,2025-07-08
Chị C,Sales,Campaign 3,4086.12,2085.01,1970.63,107.35,5.71,2025-07-15
Chị B,Sales,Campaign 1,1121.68,2526.5,1335.45,-16.01,16.17,2025-08-18
Chị C,Marketing,Campaign 2,2835.42,2457.44,1503.92,88.54,14.45,2025-08-30
Chị B,Marketing,Campaign 4,4421.09,755.87,2420.09,82.68,2.29,2025-09-18
Chị B,Sales,Campaign 3,1968.83,2438.18,2003.43,-1.73,1.63,2025-09-21
Bạn,Sales,Campaign 1,3394.97,1126.55,2304.72,47.31,17.18,2025-07-25
Anh A,Sales,Campaign 2,2689.85,886.75,1233.2,118.12,10.05,2025-09-21
Bạn,Sales,Campaign 1,4076.71,1455.98,534.58,662.6,11.19,2025-09-09
Chị C,Marketing,Campaign 1,2971.8,1130.16,335.55,785.65,8.13,2025-07-14
Chị B,Sales,Campaign 3,3529.58,1558.38,972.89,262.79,1.49,2025-09-10
Bạn,Sales,Campaign 3,3153.81,829.17,2019.09,56.2,5.7,2025-09-03
Em D,Sales,Campaign 3,1622.26,2731.43,2230.27,-27.26,7.97,2025-08-01
Anh A,Marketing,Campaign 1,2665.9,1184.29,2349.72,13.46,10.61,2025-07-27
Chị C,Marketing,Campaign 1,3972.01,1398.5,1123.05,253.68,18.72,2025-08-28
Anh A,Marketing,Campaign 1,2850.78,684.48,1073.46,165.57,3.86,2025-07-14
Chị C,Marketing,Campaign 4,2878.24,903.16,1058.16,172.0,12.96,2025-07-14
Chị C,Marketing,Campaign 2,4859.6,1574.15,1000.22,385.85,14.63,2025-07-04
Anh A,Sales,Campaign 3,3702.16,1917.28,1008.84,266.97,2.56,2025-07-02
Anh A,Sales,Campaign 1,2769.03,511.63,1317.56,110.16,7.81,2025-08-28
Chị B,Marketing,Campaign 2,3310.71,1930.57,1803.44,83.58,1.16,2025-08-20
Bạn,Sales,Campaign 1,4055.87,1369.85,1295.31,213.12,13.25,2025-08-14
Bạn,Marketing,Campaign 1,1161.19,757.02,1235.81,-6.04,9.69,2025-09-15
Em D,Marketing,Campaign 3,3240.6,1052.85,415.61,679.72,5.39,2025-07-05
Chị B,Sales,Campaign 3,4037.04,1604.52,1999.41,101.91,17.0,2025-08-26
Em D,Marketing,Campaign 2,4315.37,1307.75,1703.55,153.32,9.48,2025-07-24
Chị B,Marketing,Campaign 3,3219.4,2707.99,711.61,352.41,13.13,2025-07-07
Chị B,Marketing,Campaign 4,1163.91,553.0,2453.48,-52.56,16.54,2025-08-13
Em D,Marketing,Campaign 4,1520.63,2419.88,835.21,82.07,16.3,2025-08-09
Chị B,Sales,Campaign 3,2223.04,2557.54,1831.16,21.4,2.76,2025-08-08
Chị C,Sales,Campaign 3,4369.91,1308.4,1002.49,335.91,14.67,2025-09-02
Chị B,Sales,Campaign 4,2268.76,2658.55,1812.15,25.2,17.64,2025-08-18
Chị C,Sales,Campaign 4,3518.35,2987.57,1624.04,116.64,1.79,2025-10-01
Em D,Sales,Campaign 1,1629.46,1014.59,1938.09,-15.92,17.09,2025-08-06
Chị C,Marketing,Campaign 2,2545.63,888.5,737.83,245.02,18.47,2025-08-16
Chị C,Sales,Campaign 2,4170.13,1705.95,2058.55,102.58,17.98,2025-08-11
Em D,Marketing,Campaign 2,4558.92,2313.15,1448.11,214.82,3.95,2025-08-25
Bạn,Marketing,Campaign 2,1602.67,1133.74,1745.41,-8.18,1.04,2025-10-04
Chị C,Marketing,Campaign 3,3496.37,2757.17,2338.94,49.49,12.34,2025-08-30
Chị C,Marketing,Campaign 3,3154.84,1891.89,344.0,817.1,15.82,2025-09-10
Chị B,Sales,Campaign 3,3528.08,1515.55,549.78,541.73,1.17,2025-07-06
Anh A,Marketing,Campaign 4,2478.7,2463.05,1014.03,144.44,17.65,2025-09-28
Chị C,Sales,Campaign 3,3520.83,1470.79,2300.39,53.05,7.12,2025-10-06
Anh A,Sales,Campaign 3,4003.39,1045.08,1861.93,115.01,18.25,2025-07-28
Chị B,Sales,Campaign 3,1985.82,2994.08,2449.5,-18.93,18.4,2025-08-04
Anh A,Sales,Campaign 1,2288.02,2662.0,1112.31,105.7,2.65,2025-09-14
Anh A,Sales,Campaign 2,2520.33,2892.66,1996.84,26.22,15.6,2025-09-27
Chị C,Sales,Campaign 1,4119.82,1846.98,1889.77,118.01,13.9,2025-09-11
Anh A,Marketing,Campaign 3,1164.41,527.23,1689.97,-31.1,13.39,2025-10-05
Chị B,Marketing,Campaign 1,2425.06,979.12,2426.82,-0.07,4.17,2025-08-07
Anh A,Marketing,Campaign 3,1065.29,1957.98,1100.29,-3.18,6.22,2025-07-02
Em D,Marketing,Campaign 1,3032.81,1963.34,1087.97,178.76,6.12,2025-07-15
Chị C,Marketing,Campaign 1,2061.2,842.93,564.53,265.12,1.99,2025-07-30
Chị B,Marketing,Campaign 4,4231.94,2971.33,462.83,814.36,1.6,2025-09-30
Chị B,Sales,Campaign 4,4644.32,2573.13,1152.01,303.15,15.87,2025-07-02
Chị B,Sales,Campaign 4,1185.56,849.76,2119.69,-44.07,3.75,2025-09-14
Anh A,Sales,Campaign 2,3475.43,608.91,1719.67,102.1,6.15,2025-07-14
Bạn,Marketing,Campaign 1,1086.79,2859.79,205.99,427.59,12.13,2025-06-30
Bạn,Marketing,Campaign 1,4027.78,2421.21,2084.09,93.26,7.67,2025-06-30
Chị B,Sales,Campaign 4,1967.09,913.4,1798.08,9.4,13.21,2025-09-06
Bạn,Marketing,Campaign 4,2484.4,2416.67,2341.85,6.09,3.49,2025-09-02
Anh A,Marketing,Campaign 4,3517.09,2319.1,2119.73,65.92,6.46,2025-08-16
Em D,Marketing,Campaign 2,3080.9,524.81,1618.11,90.4,11.53,2025-09-12
Anh A,Sales,Campaign 1,1197.39,2955.91,2271.81,-47.29,17.98,2025-09-14
Em D,Sales,Campaign 4,4507.44,500.25,1208.42,273.0,3.71,2025-06-30
Em D,Marketing,Campaign 4,2839.63,2831.74,1104.42,157.12,13.52,2025-10-06
Anh A,Marketing,Campaign 2,1476.96,1286.86,1652.78,-10.64,12.39,2025-07-14
Chị B,Marketing,Campaign 1,1642.97,1861.69,1008.0,62.99,15.84,2025-08-10
Chị B,Sales,Campaign 4,3621.21,1884.53,1052.06,244.2,17.87,2025-08-19
Anh A,Marketing,Campaign 2,4293.94,2430.85,327.88,1209.61,15.62,2025-07-23
Bạn,Sales,Campaign 3,1420.75,594.22,723.84,96.28,13.97,2025-09-26
Chị B,Marketing,Campaign 4,2191.15,801.84,1802.74,21.55,12.21,2025-07-28
Anh A,Sales,Campaign 1,3429.93,1680.4,1712.16,100.33,2.9,2025-07-15
Anh A,Marketing,Campaign 3,4023.77,2396.37,1950.45,106.3,2.13,2025-07-24
Bạn,Marketing,Campaign 1,3970.06,1211.82,2069.43,91.84,2.09,2025-09-05
Em D,Marketing,Campaign 3,2309.61,1485.01,2317.68,-0.35,2.22,2025-08-07
Anh A,Marketing,Campaign 3,3881.33,678.31,382.23,915.44,13.16,2025-07-24
Chị C,Sales,Campaign 4,3279.72,643.7,566.83,478.61,12.15,2025-08-17
Chị C,Sales,Campaign 1,4296.69,1773.36,2384.43,80.2,16.84,2025-08-25
Bạn,Sales,Campaign 2,4675.0,730.28,391.17,1095.13,11.33,2025-08-27
Anh A,Sales,Campaign 1,1406.7,1783.52,568.16,147.59,10.48,2025-10-06
Em D,Marketing,Campaign 2,4258.79,2281.99,1349.51,215.58,1.99,2025-09-22
Chị B,Sales,Campaign 4,1644.07,2310.57,2241.06,-26.64,11.78,2025-07-13
Anh A,Sales,Campaign 4,4816.78,1362.03,1490.87,223.09,13.33,2025-09-09
Chị C,Marketing,Campaign 1,4600.95,1410.84,1101.23,317.8,18.13,2025-09-11
Bạn,Sales,Campaign 1,3607.96,1125.38,1548.39,133.01,13.63,2025-07-02
Em D,Marketing,Campaign 3,4801.87,1026.69,1813.55,164.78,17.98,2025-08-06
Em D,Marketing,Campaign 3,1811.95,1244.81,1457.38,24.33,4.44,2025-07-16
Chị B,Sales,Campaign 4,1756.32,1887.8,1823.06,-3.66,12.61,2025-08-06
Chị C,Marketing,Campaign 4,3387.23,1983.12,2231.42,51.8,16.85,2025-07-08
Bạn,Marketing,Campaign 2,1174.13,2220.91,1247.69,-5.9,5.43,2025-08-28
Em D,Sales,Campaign 2,2902.81,603.26,2408.38,20.53,11.43,2025-08-08
Em D,Sales,Campaign 2,3927.42,895.36,685.81,472.67,19.86,2025-09-09
Bạn,Sales,Campaign 4,1211.01,922.11,310.64,289.84,13.94,2025-10-04
Chị C,Sales,Campaign 3,4818.42,2261.16,1560.9,208.69,10.39,2025-09-08
Anh A,Sales,Campaign 3,4942.98,1855.11,1177.99,319.61,17.03,2025-09-10
Chị B,Sales,Campaign 3,4084.72,2053.28,1612.4,153.33,18.7,2025-09-20
Chị C,Sales,Campaign 2,4774.04,1253.78,422.82,1029.1,19.95,2025-09-17
Chị C,Marketing,Campaign 2,1030.52,1688.44,1856.04,-44.48,16.46,2025-07-29
Em D,Marketing,Campaign 4,2576.66,2723.99,481.0,435.69,15.06,2025-08-30
Anh A,Marketing,Campaign 4,1569.4,2799.82,1297.83,20.92,1.08,2025-09-18
Chị C,Marketing,Campaign 2,1031.61,950.91,703.03,46.74,1.67,2025-09-17
Em D,Sales,Campaign 2,4389.19,1668.23,1501.55,192.31,10.4,2025-09-19
Bạn,Sales,Campaign 3,1541.75,1669.96,1119.27,37.75,2.89,2025-08-03
Chị C,Marketing,Campaign 4,3358.4,946.44,2338.68,43.6,17.68,2025-06-30
Chị B,Marketing,Campaign 4,2671.11,1628.44,1468.58,81.88,6.14,2025-08-28
Chị B,Sales,Campaign 3,1576.56,2881.24,2338.57,-32.58,16.22,2025-08-10
Chị C,Sales,Campaign 4,2953.14,2663.67,2031.67,45.36,11.84,2025-07-18
Em D,Marketing,Campaign 2,4006.7,723.69,381.11,951.32,17.98,2025-07-17
Chị B,Marketing,Campaign 1,1481.54,1228.18,1995.46,-25.75,13.19,2025-07-18
Bạn,Marketing,Campaign 3,4127.52,2671.02,1091.05,278.31,9.39,2025-08-27
Anh A,Marketing,Campaign 3,4461.65,1487.01,1551.65,187.54,17.91,2025-08-31
Chị B,Marketing,Campaign 1,2472.43,1539.63,2029.58,21.82,3.22,2025-09-07
Bạn,Sales,Campaign 4,3740.9,1280.26,314.08,1091.07,7.13,2025-09-22
Chị B,Sales,Campaign 4,1682.93,1083.66,471.69,256.79,6.5,2025-09-06
Chị C,Sales,Campaign 3,1240.58,1041.26,1323.12,-6.24,19.24,2025-08-07
Anh A,Sales,Campaign 1,1403.17,2887.18,2266.88,-38.1,7.7,2025-09-17
Bạn,Sales,Campaign 4,4897.5,2110.58,727.08,573.58,19.74,2025-07-15
Anh A,Marketing,Campaign 1,1802.3,2882.89,841.14,114.27,8.22,2025-08-02
Anh A,Sales,Campaign 1,4763.59,2593.87,1802.54,164.27,4.72,2025-07-23
Chị C,Sales,Campaign 3,2803.96,2040.86,770.6,263.87,5.99,2025-09-25
Bạn,Marketing,Campaign 3,3152.76,1171.61,2363.98,33.37,5.92,2025-09-16
Chị B,Sales,Campaign 1,3908.42,2512.53,2292.18,70.51,12.48,2025-08-19
Em D,Marketing,Campaign 2,4825.43,2394.76,2171.89,122.18,7.87,2025-09-20
Chị C,Marketing,Campaign 1,4012.13,1314.36,1153.55,247.81,3.06,2025-09-02
Em D,Sales,Campaign 4,1845.81,1426.43,1848.97,-0.17,15.03,2025-08-12
Chị B,Marketing,Campaign 4,1613.54,762.38,1112.14,45.08,17.98,2025-09-13
Chị C,Sales,Campaign 3,2060.26,2199.69,370.57,455.97,9.77,2025-09-08
Em D,Marketing,Campaign 4,4956.5,2817.84,558.25,787.86,14.73,2025-09-26
Em D,Marketing,Campaign 3,1232.13,517.42,1818.81,-32.26,15.03,2025-09-20
Chị B,Sales,Campaign 4,2111.21,1566.73,600.47,251.59,18.9,2025-08-17
Chị B,Marketing,Campaign 1,3433.52,1247.66,491.78,598.18,18.54,2025-07-23
Bạn,Marketing,Campaign 3,4994.58,2485.8,1927.67,159.1,1.3,2025-07-14
Bạn,Marketing,Campaign 1,1594.23,922.35,1695.28,-5.96,5.34,2025-07-27
Bạn,Sales,Campaign 1,3017.82,1488.46,2098.71,43.79,17.16,2025-09-14
Em D,Marketing,Campaign 4,1011.7,2882.14,2204.18,-54.1,11.0,2025-07-12
Bạn,Sales,Campaign 1,1712.75,804.81,2127.48,-19.49,13.88,2025-09-28
Chị B,Sales,Campaign 3,3396.76,2002.08,2043.89,66.19,5.17,2025-10-04
Anh A,Marketing,Campaign 3,3231.95,1762.24,1472.21,119.53,3.1,2025-09-03
Bạn,Sales,Campaign 2,4054.74,1492.85,915.83,342.74,12.22,2025-08-03
Chị B,Sales,Campaign 1,3958.19,622.66,1858.82,112.94,4.4,2025-09-21
Chị C,Sales,Campaign 1,1924.21,1778.25,2384.47,-19.3,18.8,2025-08-08
Bạn,Sales,Campaign 1,3314.69,1201.11,2070.11,60.12,12.33,2025-09-07
Anh A,Marketing,Campaign 4,3386.36,1535.18,2143.82,57.96,8.79,2025-09-09
Chị B,Marketing,Campaign 4,4895.13,1937.92,917.93,433.28,4.77,2025-08-08
Bạn,Sales,Campaign 4,3524.82,543.63,1747.59,101.7,15.13,2025-07-01
Chị C,Sales,Campaign 1,1902.01,2086.25,983.07,93.48,11.2,2025-07-31
Chị C,Marketing,Campaign 3,3159.25,2499.45,2175.07,45.25,15.66,2025-10-02
Chị C,Sales,Campaign 3,2000.29,776.95,927.65,115.63,6.14,2025-09-06
Chị C,Marketing,Campaign 1,3308.46,706.83,1078.45,206.78,15.45,2025-09-17
Anh A,Sales,Campaign 4,3392.82,1292.41,905.11,274.85,1.71,2025-09-28
Chị C,Marketing,Campaign 2,2004.14,2682.2,2179.3,-8.04,12.72,2025-07-26
Bạn,Sales,Campaign 4,3920.6,740.35,214.58,1727.1,14.89,2025-07-09
Em D,Marketing,Campaign 4,4024.01,1260.51,218.35,1742.92,18.04,2025-09-03
Chị B,Sales,Campaign 1,2564.4,2997.53,1073.45,138.89,9.64,2025-07-03
Chị C,Sales,Campaign 4,2001.25,1486.47,1952.49,2.5,11.2,2025-09-26
Em D,Sales,Campaign 3,1677.44,1679.29,1981.16,-15.33,15.27,2025-08-13
Chị B,Sales,Campaign 2,2925.92,994.18,1454.61,101.15,15.97,2025-07-28
Chị B,Marketing,Campaign 1,1495.8,2106.91,2040.32,-26.69,9.74,2025-07-31
Chị C,Marketing,Campaign 2,1117.74,2885.3,496.99,124.9,11.14,2025-08-14
Bạn,Sales,Campaign 3,3777.02,1022.21,530.05,612.58,15.24,2025-08-12
Em D,Sales,Campaign 1,4486.08,668.31,446.97,903.66,16.5,2025-09-12
Anh A,Sales,Campaign 2,3002.87,2924.34,629.87,376.74,18.64,2025-08-22
Bạn,Marketing,Campaign 3,3047.82,1045.16,1559.51,95.43,4.27,2025-09-04
Anh A,Marketing,Campaign 2,3569.03,1581.4,2033.25,75.53,5.75,2025-10-03
Chị C,Sales,Campaign 3,2452.98,826.67,1787.18,37.25,3.41,2025-08-06
Chị B,Sales,Campaign 2,1023.16,2807.02,884.89,15.63,15.42,2025-08-08
Em D,Sales,Campaign 1,2436.47,523.32,763.75,219.01,13.17,2025-10-07
Chị B,Marketing,Campaign 1,1520.7,2964.72,1325.99,14.68,17.01,2025-09-11
Em D,Sales,Campaign 3,3475.57,2656.56,1667.87,108.38,16.93,2025-10-02
Bạn,Marketing,Campaign 3,1536.88,1308.28,2183.35,-29.61,12.94,2025-08-28
Anh A,Sales,Campaign 1,4349.2,793.8,2159.67,101.38,12.98,2025-09-01
Em D,Sales,Campaign 1,1310.49,870.61,287.16,356.36,17.39,2025-07-27
Bạn,Sales,Campaign 2,1905.58,1788.3,1731.62,10.05,13.98,2025-08-16
Em D,Sales,Campaign 4,3488.39,923.54,756.07,361.38,11.02,2025-07-20
Anh A,Marketing,Campaign 2,3576.19,2895.33,902.69,296.17,8.26,2025-08-10
Chị C,Sales,Campaign 3,4294.66,636.15,961.51,346.66,9.67,2025-09-03
Anh A,Marketing,Campaign 4,1069.6,2535.03,1706.6,-37.33,10.08,2025-07-02
Chị C,Sales,Campaign 3,1447.04,2514.68,1410.92,2.56,2.84,2025-07-17
Em D,Marketing,Campaign 3,2033.59,1221.01,1167.09,74.24,7.74,2025-08-15
Em D,Marketing,Campaign 2,3208.65,513.14,786.06,308.19,9.05,2025-08-25
Em D,Sales,Campaign 1,1650.29,2311.73,2009.62,-17.88,6.86,2025-07-05
Anh A,Sales,Campaign 1,3802.9,2215.49,676.2,462.39,14.76,2025-08-31
Anh A,Sales,Campaign 4,3347.66,769.04,2135.54,56.76,5.9,2025-09-01
Anh A,Sales,Campaign 4,4443.67,2037.4,1267.07,250.7,7.97,2025-09-29
Anh A,Marketing,Campaign 3,2824.67,960.47,2451.7,15.21,2.48,2025-09-02
Bạn,Marketing,Campaign 2,4981.96,644.1,1338.17,272.3,12.81,2025-07-07
Anh A,Sales,Campaign 4,2171.95,2184.31,2109.98,2.94,3.62,2025-09-10
Anh A,Marketing,Campaign 2,4659.32,1442.09,2224.51,109.45,5.32,2025-09-26
Bạn,Sales,Campaign 4,3857.71,2730.48,1567.48,146.11,8.07,2025-09-28
Chị B,Marketing,Campaign 2,3023.79,2036.06,1064.59,184.03,19.2,2025-09-26
Chị B,Sales,Campaign 1,4226.12,1975.97,666.7,533.89,12.69,2025-08-30
Bạn,Marketing,Campaign 1,3342.4,2681.71,1971.52,69.53,2.01,2025-09-20
Chị C,Marketing,Campaign 1,1854.79,1471.45,2206.24,-15.93,16.64,2025-07-26
Chị C,Sales,Campaign 4,4408.4,2280.14,1795.5,145.52,8.75,2025-07-14
Em D,Sales,Campaign 3,1409.3,1494.77,1475.79,-4.51,4.21,2025-08-07
Chị B,Marketing,Campaign 1,4073.7,1658.47,1275.52,219.38,18.35,2025-08-18
Chị B,Sales,Campaign 2,2758.1,946.7,1031.65,167.35,9.09,2025-07-31
Chị C,Marketing,Campaign 4,3492.94,2490.88,2194.28,59.18,14.08,2025-07-29
Anh A,Sales,Campaign 4,4344.96,1281.04,1588.21,173.58,9.82,2025-08-28
Em D,Sales,Campaign 2,1569.9,1271.68,1700.28,-7.67,7.1,2025-09-23
Chị C,Sales,Campaign 4,1964.03,1154.28,1565.85,25.43,12.42,2025-10-05
Chị C,Sales,Campaign 4,2969.74,2915.82,1845.52,60.92,4.82,2025-07-10
Chị C,Marketing,Campaign 2,3602.77,1210.16,254.55,1315.35,2.9,2025-07-17
Chị B,Sales,Campaign 3,4917.35,2783.83,277.97,1669.02,19.45,2025-08-01
Em D,Marketing,Campaign 4,2737.01,2646.44,2206.59,24.04,9.45,2025-07-11
Chị C,Marketing,Campaign 2,1301.49,2534.08,373.95,248.04,9.68,2025-09-26
Chị C,Sales,Campaign 3,3455.18,1444.77,2445.87,41.27,16.45,2025-09-29
Em D,Marketing,Campaign 3,2269.67,929.43,477.85,374.98,5.48,2025-08-23
Chị C,Sales,Campaign 1,4669.38,735.57,512.85,810.48,7.98,2025-09-21
Bạn,Marketing,Campaign 1,3222.63,798.13,390.43,725.41,7.91,2025-08-04
Anh A,Sales,Campaign 3,3717.02,2973.13,1095.14,239.41,5.53,2025-09-23
Bạn,Marketing,Campaign 1,4051.83,618.03,1590.8,154.7,8.05,2025-09-18
Em D,Marketing,Campaign 4,3967.17,1788.44,1158.17,242.54,8.25,2025-09-28
Chị B,Marketing,Campaign 2,4766.94,2189.68,864.72,451.27,11.83,2025-07-01
Chị B,Marketing,Campaign 1,4036.29,2384.1,1854.31,117.67,10.14,2025-07-25
Chị C,Sales,Campaign 2,2600.23,2654.16,639.78,306.43,11.32,2025-07-14
Chị B,Sales,Campaign 4,3434.13,634.2,1549.65,121.61,6.1,2025-09-09
Chị B,Marketing,Campaign 4,2407.5,1247.08,312.89,669.44,14.76,2025-08-21
Chị C,Sales,Campaign 3,2261.91,1839.14,814.35,177.76,15.85,2025-07-15
Anh A,Sales,Campaign 2,1393.71,2757.04,595.16,134.17,13.8,2025-07-02
Chị B,Marketing,Campaign 4,3877.88,2092.18,1591.2,143.71,8.74,2025-08-20
Chị C,Sales,Campaign 3,1219.06,1744.4,2413.5,-49.49,13.69,2025-07-09
Chị B,Marketing,Campaign 4,3126.21,715.76,1803.31,73.36,1.93,2025-09-05
Chị B,Marketing,Campaign 2,3193.7,1380.76,620.84,414.42,8.6,2025-09-05
Bạn,Marketing,Campaign 4,3512.85,2262.47,836.84,319.78,19.11,2025-07-22
Anh A,Marketing,Campaign 1,2001.96,1305.45,1572.34,27.32,12.26,2025-08-31
Chị B,Sales,Campaign 4,1383.74,854.11,1152.98,20.01,6.28,2025-07-23
Chị C,Sales,Campaign 2,2930.36,2926.63,2255.69,29.91,16.66,2025-08-30
Chị C,Sales,Campaign 4,3588.79,1927.18,1415.44,153.55,16.81,2025-08-30
Em D,Sales,Campaign 4,3685.63,1126.47,510.16,622.45,16.04,2025-08-31
Chị B,Sales,Campaign 2,2777.07,2210.13,777.24,257.3,5.43,2025-07-28
Chị C,Sales,Campaign 3,3084.32,1649.24,1563.74,97.24,16.13,2025-07-27
Chị C,Marketing,Campaign 3,4101.18,1973.45,1944.58,110.9,1.61,2025-07-05
Bạn,Marketing,Campaign 4,4727.06,1091.41,1843.29,156.45,2.17,2025-07-14
Anh A,Sales,Campaign 4,2630.56,1867.96,1045.86,151.52,8.53,2025-07-26
Anh A,Marketing,Campaign 1,2497.42,2353.72,544.71,358.49,1.05,2025-09-05
Chị C,Sales,Campaign 1,2259.0,2546.9,826.85,173.21,12.01,2025-09-25
Em D,Sales,Campaign 2,2622.9,2813.19,1030.59,154.5,5.08,2025-08-26
Anh A,Sales,Campaign 4,4466.9,1406.12,487.64,816.02,13.36,2025-07-25
Anh A,Sales,Campaign 1,2289.03,2017.28,460.27,397.32,17.87,2025-07-04
Em D,Sales,Campaign 1,3333.08,829.1,1753.09,90.13,15.63,2025-07-29
Em D,Sales,Campaign 4,4474.5,2679.33,2183.54,104.92,14.37,2025-07-16
Bạn,Sales,Campaign 4,3441.04,2119.22,474.38,625.38,5.23,2025-09-09
Chị B,Sales,Campaign 2,4014.92,2437.56,2307.69,73.98,12.24,2025-07-13
Bạn,Marketing,Campaign 4,4750.54,2902.39,996.89,376.54,17.19,2025-07-05
Em D,Marketing,Campaign 3,2872.24,2166.77,1576.31,82.21,9.87,2025-07-02
Anh A,Sales,Campaign 4,2715.9,1875.54,1408.68,92.8,17.42,2025-09-22
Chị C,Marketing,Campaign 4,4885.85,1647.47,2351.18,107.8,18.46,2025-08-17
Bạn,Sales,Campaign 4,3322.71,640.32,2139.17,55.33,3.71,2025-10-04
Chị C,Sales,Campaign 4,2149.44,2446.44,1466.96,46.52,17.69,2025-09-05
Chị C,Sales,Campaign 1,1308.7,1267.22,1355.24,-3.43,3.81,2025-07-14
Anh A,Marketing,Campaign 4,3184.22,2679.07,558.82,469.81,1.24,2025-10-05
Bạn,Marketing,Campaign 3,4013.61,1188.61,502.74,698.35,11.32,2025-07-26
Em D,Sales,Campaign 4,4053.78,2505.62,1835.89,120.81,6.99,2025-08-02
Chị B,Sales,Campaign 4,2109.54,2915.45,2079.51,1.44,12.7,2025-07-08
Chị B,Sales,Campaign 2,4676.36,695.19,1280.43,265.22,5.63,2025-08-19
Anh A,Marketing,Campaign 3,1649.67,2751.5,884.68,86.47,17.35,2025-07-16
Anh A,Sales,Campaign 2,1177.33,1765.84,2170.47,-45.76,12.31,2025-07-13
Em D,Marketing,Campaign 1,1522.73,1841.39,956.51,59.2,18.09,2025-09-17
Bạn,Sales,Campaign 1,3543.62,1629.54,2316.79,52.95,3.67,2025-08-12
Anh A,Marketing,Campaign 3,1172.67,1375.12,1998.21,-41.31,11.93,2025-08-26
